Name,Hex (24 bit),Red (8 bit),Green (8 bit),Blue (8 bit),Hue (degrees),Saturation (percent),Value (percent),Seasonal Group
Absolute zero,#0048BA,0,72,186,217,1,0.729411765,Winter
Acid green,#B0BF1A,176,191,26,65,0.863874346,0.749019608,Spring
Aero,#7CB9E8,124,185,232,206,0.465517241,0.909803922,Winter
Aero blue,#C9FFE5,201,255,229,151,0.211764706,1,Winter
African violet,#B284BE,178,132,190,288,0.305263158,0.745098039,Winter
Air Force blue (RAF),#5D8AA8,93,138,168,204,0.446428571,0.658823529,Winter
Air Force blue (USAF),#00308F,0,48,143,220,1,0.560784314,Winter
Air superiority blue,#72A0C1,114,160,193,205,0.409326425,0.756862745,Winter
Alabama crimson,#AF002A,175,0,42,346,1,0.68627451,Autumn
Alabaster,#F2F0E6,242,240,230,346,0.049586777,0.949019608,Winter
Alice blue,#F0F8FF,240,248,255,208,0.058823529,1,Winter
Alien Armpit,#84DE02,132,222,2,85,0.990990991,0.870588235,Spring
Alizarin crimson,#E32636,227,38,54,355,0.832599119,0.890196078,Autumn
Alloy orange,#C46210,196,98,16,27,0.918367347,0.768627451,Autumn
Almond,#EFDECD,239,222,205,30,0.142259414,0.937254902,Winter
Amaranth,#E52B50,229,43,80,348,0.812227074,0.898039216,Autumn
Amaranth deep purple,#9F2B68,159,43,104,328,0.729559748,0.623529412,Autumn
Amaranth pink,#F19CBB,241,156,187,338,0.352697095,0.945098039,Winter
Amaranth purple,#AB274F,171,39,79,342,0.771929825,0.670588235,Autumn
Amaranth red,#D3212D,211,33,45,356,0.843601896,0.82745098,Autumn
Amazon,#3B7A57,59,122,87,147,0.516393443,0.478431373,Spring
Amazonite,#00C4B0,0,196,176,356,1,0.768627451,Autumn
Amber,#FFBF00,255,191,0,45,1,1,Autumn
Amber (SAE/ECE),#FF7E00,255,126,0,30,1,1,Autumn
American rose,#FF033E,255,3,62,346,0.988235294,1,Autumn
Amethyst,#9966CC,153,102,204,270,0.5,0.8,Winter
Android green,#A4C639,164,198,57,74,0.712121212,0.776470588,Spring
Anti-flash white,#F2F3F4,242,243,244,210,0.008196721,0.956862745,Winter
Antique brass,#CD9575,205,149,117,22,0.429268293,0.803921569,Autumn
Antique bronze,#665D1E,102,93,30,53,0.705882353,0.4,Autumn
Antique fuchsia,#915C83,145,92,131,316,0.365517241,0.568627451,Summer
Antique ruby,#841B2D,132,27,45,350,0.795454545,0.517647059,Autumn
Antique white,#FAEBD7,250,235,215,34,0.14,0.980392157,Winter
Ao (English),#008000,0,128,0,120,1,0.501960784,Spring
Apple green,#8DB600,141,182,0,74,1,0.71372549,Spring
Apricot,#FBCEB1,251,206,177,24,0.294820717,0.984313725,Winter
Aqua,#00FFFF,0,255,255,180,1,1,Spring
Aquamarine,#7FFFD4,127,255,212,160,0.501960784,1,Spring
Arctic lime,#D0FF14,208,255,20,72,0.921568627,1,Spring
Army green,#4B5320,75,83,32,69,0.614457831,0.325490196,Spring
Arsenic,#3B444B,59,68,75,206,0.213333333,0.294117647,Summer
Artichoke,#8F9779,143,151,121,76,0.198675497,0.592156863,Summer
Arylide yellow,#E9D66B,233,214,107,51,0.540772532,0.91372549,Autumn
Ash grey,#B2BEB5,178,190,181,135,0.063157895,0.745098039,Winter
Asparagus,#87A96B,135,169,107,93,0.366863905,0.662745098,Summer
Atomic tangerine,#FF9966,255,153,102,20,0.6,1,Autumn
Auburn,#A52A2A,165,42,42,0,0.745454545,0.647058824,Autumn
Aureolin,#FDEE00,253,238,0,56,1,0.992156863,Autumn
AuroMetalSaurus,#6E7F80,110,127,128,183,0.140625,0.501960784,Summer
Avocado,#568203,86,130,3,81,0.976923077,0.509803922,Spring
Awesome,#FF2052,255,32,82,81,0.874509804,1,Spring
Aztec Gold,#C39953,195,153,83,38,0.574358974,0.764705882,Autumn
Azure,#007FFF,0,127,255,210,1,1,Winter
Azure (web color),#F0FFFF,240,255,255,180,0.058823529,1,Winter
Azure mist,#F0FFFF,240,255,255,180,0.058823529,1,Winter
Azureish white,#DBE9F4,219,233,244,206,0.102459016,0.956862745,Winter
Baby blue,#89CFF0,137,207,240,199,0.429166667,0.941176471,Winter
Baby blue eyes,#A1CAF1,161,202,241,209,0.331950207,0.945098039,Winter
Baby pink,#F4C2C2,244,194,194,0,0.204918033,0.956862745,Winter
Baby powder,#FEFEFA,254,254,250,60,0.015748031,0.996078431,Winter
Baker-Miller pink,#FF91AF,255,145,175,344,0.431372549,1,Autumn
Ball blue,#21ABCD,33,171,205,192,0.83902439,0.803921569,Winter
Banana Mania,#FAE7B5,250,231,181,43,0.276,0.980392157,Winter
Banana yellow,#FFE135,255,225,53,51,0.792156863,1,Autumn
Bangladesh green,#006A4E,0,106,78,164,1,0.415686275,Spring
Barbie pink,#E0218A,224,33,138,327,0.852678571,0.878431373,Autumn
Barn red,#7C0A02,124,10,2,4,0.983870968,0.48627451,Autumn
Battery Charged Blue,#1DACD6,29,172,214,194,0.864485981,0.839215686,Winter
Battleship grey,#848482,132,132,130,60,0.015151515,0.517647059,Summer
Bazaar,#98777B,152,119,123,353,0.217105263,0.596078431,Summer
Beau blue,#BCD4E6,188,212,230,206,0.182608696,0.901960784,Winter
Beaver,#9F8170,159,129,112,22,0.295597484,0.623529412,Summer
Begonia,#FA6E79,250,110,121,355,0.56,0.980392157,Autumn
Beige,#F5F5DC,245,245,220,60,0.102040816,0.960784314,Winter
B'dazzled blue,#2E5894,46,88,148,215,0.689189189,0.580392157,Winter
Big dip o’ruby,#9C2542,156,37,66,345,0.762820513,0.611764706,Autumn
Big Foot Feet,#E88E5A,232,142,90,22,0.612068966,0.909803922,Autumn
Bisque,#FFE4C4,255,228,196,33,0.231372549,1,Winter
Bistre,#3D2B1F,61,43,31,24,0.491803279,0.239215686,Autumn
Bistre brown,#967117,150,113,23,43,0.846666667,0.588235294,Autumn
Bitter lemon,#CAE00D,202,224,13,66,0.941964286,0.878431373,Spring
Bitter lime,#BFFF00,191,255,0,75,1,1,Spring
Bittersweet,#FE6F5E,254,111,94,6,0.62992126,0.996078431,Autumn
Bittersweet shimmer,#BF4F51,191,79,81,359,0.586387435,0.749019608,Autumn
Black,#000000,0,0,0,0,0,0,Summer
Black bean,#3D0C02,61,12,2,10,0.967213115,0.239215686,Autumn
Black Coral,#54626F,84,98,111,209,0.243243243,0.435294118,Summer
Black leather jacket,#253529,37,53,41,135,0.301886792,0.207843137,Summer
Black olive,#3B3C36,59,60,54,70,0.1,0.235294118,Summer
Black Shadows,#BFAFB2,191,175,178,349,0.083769634,0.749019608,Winter
Blanched almond,#FFEBCD,255,235,205,36,0.196078431,1,Winter
Blast-off bronze,#A57164,165,113,100,12,0.393939394,0.647058824,Summer
Bleu de France,#318CE7,49,140,231,210,0.787878788,0.905882353,Winter
Blizzard Blue,#ACE5EE,172,229,238,188,0.277310924,0.933333333,Winter
Blond,#FAF0BE,250,240,190,50,0.24,0.980392157,Winter
Blue,#0000FF,0,0,255,240,1,1,Winter
Blue (Crayola),#1F75FE,31,117,254,217,0.877952756,0.996078431,Winter
Blue (Munsell),#0093AF,0,147,175,190,1,0.68627451,Winter
Blue (NCS),#0087BD,0,135,189,197,1,0.741176471,Winter
Blue (Pantone),#0018A8,0,24,168,231,1,0.658823529,Winter
Blue (pigment),#333399,51,51,153,240,0.666666667,0.6,Winter
Blue (RYB),#0247FE,2,71,254,224,0.992125984,0.996078431,Winter
Blue Bell,#A2A2D0,162,162,208,240,0.221153846,0.815686275,Winter
Blue Bolt,#00B9FB,0,185,251,196,1,0.984313725,Winter
Blue-gray,#6699CC,102,153,204,210,0.5,0.8,Winter
Blue-green,#0D98BA,13,152,186,192,0.930107527,0.729411765,Winter
Blue Jeans,#5DADEC,93,173,236,206,0.605932203,0.925490196,Winter
Blue Lagoon,#ACE5EE,172,229,238,188,0.277310924,0.933333333,Winter
Blue-magenta violet,#553592,85,53,146,261,0.636986301,0.57254902,Winter
Blue sapphire,#126180,18,97,128,197,0.859375,0.501960784,Winter
Blue-violet,#8A2BE2,138,43,226,271,0.809734513,0.88627451,Winter
Blue yonder,#5072A7,80,114,167,217,0.520958084,0.654901961,Winter
Blueberry,#4F86F7,79,134,247,220,0.680161943,0.968627451,Winter
Bluebonnet,#1C1CF0,28,28,240,240,0.883333333,0.941176471,Winter
Blush,#DE5D83,222,93,131,342,0.581081081,0.870588235,Autumn
Bole,#79443B,121,68,59,9,0.512396694,0.474509804,Autumn
Bondi blue,#0095B6,0,149,182,191,1,0.71372549,Winter
Bone,#E3DAC9,227,218,201,39,0.114537445,0.890196078,Winter
Booger Buster,#DDE26A,221,226,106,63,0.530973451,0.88627451,Spring
Boston University Red,#CC0000,204,0,0,0,1,0.8,Autumn
Bottle green,#006A4E,0,106,78,164,1,0.415686275,Spring
Boysenberry,#873260,135,50,96,328,0.62962963,0.529411765,Autumn
Brandeis blue,#0070FF,0,112,255,214,1,1,Winter
Brass,#B5A642,181,166,66,52,0.635359116,0.709803922,Autumn
Brick red,#CB4154,203,65,84,352,0.679802956,0.796078431,Autumn
Bright cerulean,#1DACD6,29,172,214,194,0.864485981,0.839215686,Winter
Bright green,#66FF00,102,255,0,96,1,1,Spring
Bright lavender,#BF94E4,191,148,228,272,0.350877193,0.894117647,Winter
Bright lilac,#D891EF,216,145,239,285,0.393305439,0.937254902,Winter
Bright maroon,#C32148,195,33,72,346,0.830769231,0.764705882,Autumn
Bright navy blue,#1974D2,25,116,210,210,0.880952381,0.823529412,Winter
Bright pink,#FF007F,255,0,127,330,1,1,Autumn
Bright turquoise,#08E8DE,8,232,222,177,0.965517241,0.909803922,Spring
Bright ube,#D19FE8,209,159,232,281,0.314655172,0.909803922,Winter
Bright Yellow (Crayola),#FFAA1D,255,170,29,37,0.88627451,1,Autumn
Brilliant azure,#3399FF,51,153,255,210,0.8,1,Winter
Brilliant lavender,#F4BBFF,244,187,255,290,0.266666667,1,Winter
Brilliant rose,#FF55A3,255,85,163,332,0.666666667,1,Autumn
Brink pink,#FB607F,251,96,127,348,0.61752988,0.984313725,Autumn
British racing green,#004225,0,66,37,154,1,0.258823529,Spring
Bronze,#CD7F32,205,127,50,30,0.756097561,0.803921569,Autumn
Bronze Yellow,#737000,115,112,0,58,1,0.450980392,Autumn
Brown (traditional),#964B00,150,75,0,30,1,0.588235294,Autumn
Brown (web),#A52A2A,165,42,42,0,0.745454545,0.647058824,Autumn
Brown-nose,#6B4423,107,68,35,28,0.672897196,0.419607843,Autumn
Brown Sugar,#AF6E4D,175,110,77,20,0.56,0.68627451,Autumn
Brown Yellow,#cc9966,204,153,102,30,0.5,0.8,Autumn
Brunswick green,#1B4D3E,27,77,62,162,0.649350649,0.301960784,Spring
Bubble gum,#FFC1CC,255,193,204,349,0.243137255,1,Winter
Bubbles,#E7FEFF,231,254,255,183,0.094117647,1,Winter
Bud green,#7BB661,123,182,97,102,0.467032967,0.71372549,Spring
Buff,#F0DC82,240,220,130,49,0.458333333,0.941176471,Autumn
Bulgarian rose,#480607,72,6,7,359,0.916666667,0.282352941,Autumn
Burgundy,#800020,128,0,32,345,1,0.501960784,Autumn
Burlywood,#DEB887,222,184,135,34,0.391891892,0.870588235,Winter
Burnished Brown,#A17A74,161,122,116,8,0.279503106,0.631372549,Summer
Burnt orange,#CC5500,204,85,0,25,1,0.8,Autumn
Burnt sienna,#E97451,233,116,81,14,0.652360515,0.91372549,Autumn
Burnt umber,#8A3324,138,51,36,9,0.739130435,0.541176471,Autumn
Byzantine,#BD33A4,189,51,164,311,0.73015873,0.741176471,Autumn
Byzantium,#702963,112,41,99,311,0.633928571,0.439215686,Autumn
Cadet,#536872,83,104,114,199,0.271929825,0.447058824,Summer
Cadet blue,#5F9EA0,95,158,160,182,0.40625,0.62745098,Winter
Cadet grey,#91A3B0,145,163,176,205,0.176136364,0.690196078,Summer
Cadmium green,#006B3C,0,107,60,154,1,0.419607843,Spring
Cadmium orange,#ED872D,237,135,45,28,0.810126582,0.929411765,Autumn
Cadmium red,#E30022,227,0,34,351,1,0.890196078,Autumn
Cadmium yellow,#FFF600,255,246,0,58,1,1,Autumn
Café au lait,#A67B5B,166,123,91,26,0.451807229,0.650980392,Autumn
Café noir,#4B3621,75,54,33,30,0.56,0.294117647,Autumn
Cal Poly Pomona green,#1E4D2B,30,77,43,137,0.61038961,0.301960784,Spring
Cambridge Blue,#A3C1AD,163,193,173,140,0.155440415,0.756862745,Winter
Camel,#C19A6B,193,154,107,33,0.445595855,0.756862745,Autumn
Cameo pink,#EFBBCC,239,187,204,340,0.217573222,0.937254902,Winter
Camouflage green,#78866B,120,134,107,91,0.201492537,0.525490196,Summer
Canary,#FFFF99,255,255,153,60,0.4,1,Spring
Canary yellow,#FFEF00,255,239,0,56,1,1,Autumn
Candy apple red,#FF0800,255,8,0,2,1,1,Autumn
Candy pink,#E4717A,228,113,122,355,0.504385965,0.894117647,Autumn
Capri,#00BFFF,0,191,255,195,1,1,Winter
Caput mortuum,#592720,89,39,32,7,0.640449438,0.349019608,Autumn
Cardinal,#C41E3A,196,30,58,350,0.846938776,0.768627451,Autumn
Caribbean green,#00CC99,0,204,153,165,1,0.8,Spring
Carmine,#960018,150,0,24,350,1,0.588235294,Autumn
Carmine (M&P),#D70040,215,0,64,342,1,0.843137255,Autumn
Carmine pink,#EB4C42,235,76,66,4,0.719148936,0.921568627,Autumn
Carmine red,#FF0038,255,0,56,347,1,1,Autumn
Carnation pink,#FFA6C9,255,166,201,336,0.349019608,1,Winter
Carnelian,#B31B1B,179,27,27,0,0.849162011,0.701960784,Autumn
Carolina blue,#56A0D3,86,160,211,204,0.592417062,0.82745098,Winter
Carrot orange,#ED9121,237,145,33,33,0.860759494,0.929411765,Autumn
Castleton green,#00563F,0,86,63,164,1,0.337254902,Spring
Catalina blue,#062A78,6,42,120,221,0.95,0.470588235,Winter
Catawba,#703642,112,54,66,348,0.517857143,0.439215686,Autumn
Cedar Chest,#C95A49,201,90,73,8,0.63681592,0.788235294,Autumn
Ceil,#92A1CF,146,161,207,225,0.29468599,0.811764706,Winter
Celadon,#ACE1AF,172,225,175,123,0.235555556,0.882352941,Winter
Celadon blue,#007BA7,0,123,167,196,1,0.654901961,Winter
Celadon green,#2F847C,47,132,124,174,0.643939394,0.517647059,Spring
Celeste,#B2FFFF,178,255,255,180,0.301960784,1,Winter
Celestial blue,#4997D0,73,151,208,205,0.649038462,0.815686275,Winter
Cerise,#DE3163,222,49,99,343,0.779279279,0.870588235,Autumn
Cerise pink,#EC3B83,236,59,131,336,0.75,0.925490196,Autumn
Cerulean,#007BA7,0,123,167,196,1,0.654901961,Winter
Cerulean blue,#2A52BE,42,82,190,224,0.778947368,0.745098039,Winter
Cerulean frost,#6D9BC3,109,155,195,208,0.441025641,0.764705882,Winter
CG Blue,#007AA5,0,122,165,196,1,0.647058824,Winter
CG Red,#E03C31,224,60,49,4,0.78125,0.878431373,Autumn
Chamoisee,#A0785A,160,120,90,26,0.4375,0.62745098,Autumn
Champagne,#F7E7CE,247,231,206,37,0.165991903,0.968627451,Winter
Champagne pink,#F1DDCF,241,221,207,25,0.141078838,0.945098039,Winter
Charcoal,#36454F,54,69,79,204,0.316455696,0.309803922,Summer
Charleston green,#232B2B,35,43,43,180,0.186046512,0.168627451,Summer
Charm pink,#E68FAC,230,143,172,340,0.37826087,0.901960784,Winter
Chartreuse (traditional),#DFFF00,223,255,0,68,1,1,Spring
Chartreuse (web),#7FFF00,127,255,0,90,1,1,Spring
Cherry,#DE3163,222,49,99,343,0.779279279,0.870588235,Autumn
Cherry blossom pink,#FFB7C5,255,183,197,348,0.282352941,1,Winter
Chestnut,#954535,149,69,53,10,0.644295302,0.584313725,Autumn
China pink,#DE6FA1,222,111,161,333,0.5,0.870588235,Autumn
China rose,#A8516E,168,81,110,340,0.517857143,0.658823529,Autumn
Chinese red,#AA381E,170,56,30,11,0.823529412,0.666666667,Autumn
Chinese violet,#856088,133,96,136,296,0.294117647,0.533333333,Summer
Chlorophyll green,#4AFF00,74,255,0,103,1,1,Spring
Chocolate (traditional),#7B3F00,123,63,0,31,1,0.482352941,Autumn
Chocolate (web),#D2691E,210,105,30,25,0.857142857,0.823529412,Autumn
Chrome yellow,#FFA700,255,167,0,39,1,1,Autumn
Cinereous,#98817B,152,129,123,12,0.190789474,0.596078431,Summer
Cinnabar,#E34234,227,66,52,5,0.77092511,0.890196078,Autumn
Cinnamon[citation needed],#D2691E,210,105,30,25,0.857142857,0.823529412,Autumn
Cinnamon Satin,#CD607E,205,96,126,343,0.531707317,0.803921569,Autumn
Citrine,#E4D00A,228,208,10,54,0.956140351,0.894117647,Autumn
Citron,#9FA91F,158,169,31,64,0.816568047,0.662745098,Spring
Claret,#7F1734,127,23,52,343,0.818897638,0.498039216,Autumn
Classic rose,#FBCCE7,251,204,231,326,0.187250996,0.984313725,Winter
Cobalt Blue,#0047AB,0,71,171,215,1,0.670588235,Winter
Cocoa brown,#D2691E,210,105,30,25,0.857142857,0.823529412,Autumn
Coconut,#965A3E,150,90,62,19,0.586666667,0.588235294,Autumn
Coffee,#6F4E37,111,78,55,25,0.504504505,0.435294118,Autumn
Columbia Blue,#C4D8E2,196,216,226,200,0.132743363,0.88627451,Winter
Congo pink,#F88379,248,131,121,5,0.512096774,0.97254902,Autumn
Cool Black,#002E63,0,46,99,212,1,0.388235294,Winter
Cool grey,#8C92AC,140,146,172,229,0.186046512,0.674509804,Summer
Copper,#B87333,184,115,51,29,0.722826087,0.721568627,Autumn
Copper (Crayola),#DA8A67,218,138,103,18,0.527522936,0.854901961,Autumn
Copper penny,#AD6F69,173,111,105,5,0.393063584,0.678431373,Summer
Copper red,#CB6D51,203,109,81,14,0.600985222,0.796078431,Autumn
Copper rose,#996666,153,102,102,0,0.333333333,0.6,Summer
Coquelicot,#FF3800,255,56,0,13,1,1,Autumn
Coral,#FF7F50,255,127,80,16,0.68627451,1,Autumn
Coral pink,#F88379,248,131,121,5,0.512096774,0.97254902,Autumn
Coral red,#FF4040,255,64,64,0,0.749019608,1,Autumn
Coral Reef,#FD7C6E,253,124,110,6,0.565217391,0.992156863,Autumn
Cordovan,#893F45,137,63,69,355,0.540145985,0.537254902,Autumn
Corn,#FBEC5D,251,236,93,54,0.629482072,0.984313725,Autumn
Cornell Red,#B31B1B,179,27,27,0,0.849162011,0.701960784,Autumn
Cornflower blue,#6495ED,100,149,237,219,0.578059072,0.929411765,Winter
Cornsilk,#FFF8DC,255,248,220,48,0.137254902,1,Winter
Cosmic Cobalt,#2E2D88,46,45,136,241,0.669117647,0.533333333,Winter
Cosmic latte,#FFF8E7,255,248,231,43,0.094117647,1,Winter
Coyote brown,#81613C,129,97,60,62,0.534883721,0.505882353,Spring
Cotton candy,#FFBCD9,255,188,217,334,0.262745098,1,Winter
Cream,#FFFDD0,255,253,208,57,0.184313725,1,Winter
Crimson,#DC143C,220,20,60,348,0.909090909,0.862745098,Autumn
Crimson glory,#BE0032,190,0,50,344,1,0.745098039,Autumn
Crimson red,#990000,153,0,0,0,1,0.6,Autumn
Cultured,#F5F5F5,245,245,245,0,0,0.960784314,Winter
Cyan,#00FFFF,0,255,255,180,1,1,Spring
Cyan azure,#4E82B4,78,130,180,209,0.566666667,0.705882353,Winter
Cyan-blue azure,#4682BF,70,130,191,210,0.633507853,0.749019608,Winter
Cyan cobalt blue,#28589C,40,88,156,215,0.743589744,0.611764706,Winter
Cyan cornflower blue,#188BC2,24,139,194,199,0.87628866,0.760784314,Winter
Cyan (process),#00B7EB,0,183,235,193,1,0.921568627,Winter
Cyber grape,#58427C,88,66,124,263,0.467741935,0.48627451,Winter
Cyber yellow,#FFD300,255,211,0,50,1,1,Autumn
Cyclamen,#F56FA1,245,111,161,0,0.546938776,0.960784314,Autumn
Daffodil,#FFFF31,255,255,49,60,0.807843137,1,Spring
Dandelion,#F0E130,240,225,48,55,0.8,0.941176471,Autumn
Dark blue,#00008B,0,0,139,240,1,0.545098039,Winter
Dark blue-gray,#666699,102,102,153,240,0.333333333,0.6,Summer
Dark brown,#654321,101,67,33,30,0.673267327,0.396078431,Autumn
Dark brown-tangelo,#88654E,136,101,78,24,0.426470588,0.533333333,Autumn
Dark byzantium,#5D3954,93,57,84,315,0.387096774,0.364705882,Summer
Dark candy apple red,#A40000,164,0,0,0,1,0.643137255,Autumn
Dark cerulean,#08457E,8,69,126,209,0.936507937,0.494117647,Winter
Dark chestnut,#986960,152,105,96,10,0.368421053,0.596078431,Summer
Dark coral,#CD5B45,205,91,69,10,0.663414634,0.803921569,Autumn
Dark cyan,#008B8B,0,139,139,180,1,0.545098039,Spring
Dark electric blue,#536878,83,104,120,206,0.308333333,0.470588235,Summer
Dark goldenrod,#B8860B,184,134,11,43,0.940217391,0.721568627,Autumn
Dark gray (X11),#A9A9A9,169,169,169,0,0,0.662745098,Summer
Dark green,#013220,1,50,32,158,0.98,0.196078431,Spring
Dark green (X11),#006400,0,100,0,120,1,0.392156863,Spring
Dark gunmetal,#1F262A,31,38,42,202,0.261904762,0.164705882,Summer
Dark imperial blue,#00416A,0,65,106,203,1,0.415686275,Winter
Dark imperial blue,#00147E,0,20,126,183,1,0.494117647,Winter
Dark jungle green,#1A2421,26,36,33,162,0.277777778,0.141176471,Summer
Dark khaki,#BDB76B,189,183,107,56,0.433862434,0.741176471,Autumn
Dark lava,#483C32,72,60,50,27,0.305555556,0.282352941,Summer
Dark lavender,#734F96,115,79,150,270,0.473333333,0.588235294,Winter
Dark liver,#534B4F,83,75,79,330,0.096385542,0.325490196,Summer
Dark liver (horses),#543D37,84,61,55,12,0.345238095,0.329411765,Summer
Dark magenta,#8B008B,139,0,139,300,1,0.545098039,Winter
Dark medium gray,#A9A9A9,169,169,169,0,0,0.662745098,Summer
Dark midnight blue,#003366,0,51,102,210,1,0.4,Winter
Dark moss green,#4A5D23,74,93,35,80,0.623655914,0.364705882,Spring
Dark olive green,#556B2F,85,107,47,82,0.560747664,0.419607843,Spring
Dark orange,#FF8C00,255,140,0,33,1,1,Autumn
Dark orchid,#9932CC,153,50,204,280,0.754901961,0.8,Winter
Dark pastel blue,#779ECB,119,158,203,212,0.413793103,0.796078431,Winter
Dark pastel green,#03C03C,3,192,60,138,0.984375,0.752941176,Spring
Dark pastel purple,#966FD6,150,111,214,263,0.481308411,0.839215686,Winter
Dark pastel red,#C23B22,194,59,34,9,0.824742268,0.760784314,Autumn
Dark pink,#E75480,231,84,128,342,0.636363636,0.905882353,Autumn
Dark powder blue,#003399,0,51,153,220,1,0.6,Winter
Dark puce,#4F3A3C,79,58,60,354,0.265822785,0.309803922,Summer
Dark purple,#301934,48,25,52,291,0.519230769,0.203921569,Winter
Dark raspberry,#872657,135,38,87,330,0.718518519,0.529411765,Autumn
Dark red,#8B0000,139,0,0,0,1,0.545098039,Autumn
Dark salmon,#E9967A,233,150,122,15,0.47639485,0.91372549,Autumn
Dark scarlet,#560319,86,3,25,344,0.965116279,0.337254902,Autumn
Dark sea green,#8FBC8F,143,188,143,120,0.239361702,0.737254902,Winter
Dark sienna,#3C1414,60,20,20,0,0.666666667,0.235294118,Autumn
Dark sky blue,#8CBED6,140,190,214,199,0.345794393,0.839215686,Winter
Dark slate blue,#483D8B,72,61,139,248,0.561151079,0.545098039,Winter
Dark slate gray,#2F4F4F,47,79,79,180,0.405063291,0.309803922,Spring
Dark spring green,#177245,23,114,69,150,0.798245614,0.447058824,Spring
Dark tan,#918151,145,129,81,45,0.44137931,0.568627451,Autumn
Dark tangerine,#FFA812,255,168,18,38,0.929411765,1,Autumn
Dark taupe,#483C32,72,60,50,27,0.305555556,0.282352941,Summer
Dark terra cotta,#CC4E5C,204,78,92,353,0.617647059,0.8,Autumn
Dark turquoise,#00CED1,0,206,209,181,1,0.819607843,Winter
Dark vanilla,#D1BEA8,209,190,168,32,0.196172249,0.819607843,Winter
Dark violet,#9400D3,148,0,211,282,1,0.82745098,Winter
Dark yellow,#9B870C,155,135,12,52,0.922580645,0.607843137,Autumn
Dartmouth green,#00703C,0,112,60,152,1,0.439215686,Spring
Davy's grey,#555555,85,85,85,0,0,0.333333333,Summer
Debian red,#D70A53,215,10,83,339,0.953488372,0.843137255,Autumn
Deep aquamarine,#40826D,64,130,109,161,0.507692308,0.509803922,Spring
Deep carmine,#A9203E,169,32,62,347,0.810650888,0.662745098,Autumn
Deep carmine pink,#EF3038,239,48,56,357,0.79916318,0.937254902,Autumn
Deep carrot orange,#E9692C,233,105,44,19,0.811158798,0.91372549,Autumn
Deep cerise,#DA3287,218,50,135,330,0.770642202,0.854901961,Autumn
Deep champagne,#FAD6A5,250,214,165,35,0.34,0.980392157,Winter
Deep chestnut,#B94E48,185,78,72,3,0.610810811,0.725490196,Autumn
Deep coffee,#704241,112,66,65,1,0.419642857,0.439215686,Autumn
Deep fuchsia,#C154C1,193,84,193,300,0.564766839,0.756862745,Winter
Deep Green,#056608,5,102,8,122,0.950980392,0.4,Spring
Deep green-cyan turquoise,#0E7C61,14,124,97,165,0.887096774,0.48627451,Spring
Deep jungle green,#004B49,0,75,73,178,1,0.294117647,Spring
Deep koamaru,#333366,51,51,102,240,0.5,0.4,Winter
Deep lemon,#F5C71A,245,199,26,47,0.893877551,0.960784314,Autumn
Deep lilac,#9955BB,153,85,187,280,0.545454545,0.733333333,Winter
Deep magenta,#CC00CC,204,0,204,300,1,0.8,Winter
Deep maroon,#820000,130,0,0,0,1,0.509803922,Autumn
Deep mauve,#D473D4,212,115,212,300,0.45754717,0.831372549,Winter
Deep moss green,#355E3B,53,94,59,129,0.436170213,0.368627451,Spring
Deep peach,#FFCBA4,255,203,164,26,0.356862745,1,Winter
Deep pink,#FF1493,255,20,147,328,0.921568627,1,Autumn
Deep puce,#A95C68,169,92,104,351,0.455621302,0.662745098,Autumn
Deep Red,#850101,133,1,1,0,0.992481203,0.521568627,Autumn
Deep ruby,#843F5B,132,63,91,336,0.522727273,0.517647059,Autumn
Deep saffron,#FF9933,255,153,51,30,0.8,1,Autumn
Deep sky blue,#00BFFF,0,191,255,195,1,1,Winter
Deep Space Sparkle,#4A646C,74,100,108,194,0.314814815,0.423529412,Summer
Deep spring bud,#556B2F,85,107,47,82,0.560747664,0.419607843,Spring
Deep Taupe,#7E5E60,126,94,96,356,0.253968254,0.494117647,Summer
Deep Tuscan red,#66424D,102,66,77,342,0.352941176,0.4,Summer
Deep violet,#330066,51,0,102,270,1,0.4,Winter
Deer,#BA8759,186,135,89,28,0.521505376,0.729411765,Autumn
Denim,#1560BD,21,96,189,213,0.888888889,0.741176471,Winter
Denim Blue,#2243B6,34,67,182,227,0.813186813,0.71372549,Winter
Desaturated cyan,#669999,102,153,153,180,0.333333333,0.6,Summer
Desert,#C19A6B,193,154,107,33,0.445595855,0.756862745,Autumn
Desert sand,#EDC9AF,237,201,175,25,0.261603376,0.929411765,Winter
Desire,#EA3C53,234,60,83,352,0.743589744,0.917647059,Autumn
Diamond,#B9F2FF,185,242,255,191,0.274509804,1,Winter
Dim gray,#696969,105,105,105,0,0,0.411764706,Summer
Dingy Dungeon,#C53151,197,49,81,347,0.751269036,0.77254902,Autumn
Dirt,#9B7653,155,118,83,29,0.464516129,0.607843137,Autumn
Dodger blue,#1E90FF,30,144,255,210,0.882352941,1,Winter
Dogwood rose,#D71868,215,24,104,335,0.888372093,0.843137255,Autumn
Dollar bill,#85BB65,133,187,101,98,0.459893048,0.733333333,Spring
Dolphin Gray,#828E84,130,142,132,130,0.084507042,0.556862745,Summer
Donkey brown,#664C28,102,76,40,35,0.607843137,0.4,Autumn
Drab,#967117,150,113,23,43,0.846666667,0.588235294,Autumn
Duke blue,#00009C,0,0,156,240,1,0.611764706,Winter
Dust storm,#E5CCC9,229,204,201,6,0.122270742,0.898039216,Winter
Dutch white,#EFDFBB,239,223,187,42,0.217573222,0.937254902,Winter
Earth yellow,#E1A95F,225,169,95,34,0.577777778,0.882352941,Autumn
Ebony,#555D50,85,93,80,97,0.139784946,0.364705882,Summer
Ecru,#C2B280,194,178,128,45,0.340206186,0.760784314,Winter
Eerie black,#1B1B1B,27,27,27,0,0,0.105882353,Summer
Eggplant,#614051,97,64,81,329,0.340206186,0.380392157,Summer
Eggshell,#F0EAD6,240,234,214,46,0.108333333,0.941176471,Winter
Egyptian blue,#1034A6,16,52,166,226,0.903614458,0.650980392,Winter
Electric blue,#7DF9FF,125,249,255,183,0.509803922,1,Winter
Electric crimson,#FF003F,255,0,63,345,1,1,Autumn
Electric cyan,#00FFFF,0,255,255,180,1,1,Spring
Electric green,#00FF00,0,255,0,120,1,1,Spring
Electric indigo,#6F00FF,111,0,255,266,1,1,Winter
Electric lavender,#F4BBFF,244,187,255,290,0.266666667,1,Winter
Electric lime,#CCFF00,204,255,0,72,1,1,Spring
Electric purple,#BF00FF,191,0,255,285,1,1,Winter
Electric ultramarine,#3F00FF,63,0,255,255,1,1,Winter
Electric violet,#8F00FF,143,0,255,274,1,1,Winter
Electric yellow,#FFFF33,255,255,51,60,0.8,1,Spring
Emerald,#50C878,80,200,120,140,0.6,0.784313725,Spring
Eminence,#6C3082,108,48,130,284,0.630769231,0.509803922,Winter
English green,#1B4D3E,27,77,62,162,0.649350649,0.301960784,Spring
English lavender,#B48395,180,131,149,338,0.272222222,0.705882353,Winter
English red,#AB4B52,171,75,82,356,0.561403509,0.670588235,Autumn
English vermillion,#CC474B,204,71,75,358,0.651960784,0.8,Autumn
English violet,#563C5C,86,60,92,289,0.347826087,0.360784314,Summer
Eton blue,#96C8A2,150,200,162,134,0.25,0.784313725,Winter
Eucalyptus,#44D7A8,68,215,168,161,0.68372093,0.843137255,Spring
Fallow,#C19A6B,193,154,107,33,0.445595855,0.756862745,Autumn
Falu red,#801818,128,24,24,0,0.8125,0.501960784,Autumn
Fandango,#B53389,181,51,137,320,0.718232044,0.709803922,Autumn
Fandango pink,#DE5285,222,82,133,338,0.630630631,0.870588235,Autumn
Fashion fuchsia,#F400A1,244,0,161,320,1,0.956862745,Autumn
Fawn,#E5AA70,229,170,112,30,0.510917031,0.898039216,Autumn
Feldgrau,#4D5D53,77,93,83,143,0.172043011,0.364705882,Summer
Feldspar,#FDD5B1,253,213,177,28,0.300395257,0.992156863,Winter
Fern green,#4F7942,79,121,66,106,0.454545455,0.474509804,Spring
Ferrari Red,#FF2800,255,40,0,9,1,1,Autumn
Field drab,#6C541E,108,84,30,42,0.722222222,0.423529412,Autumn
Fiery Rose,#FF5470,255,84,112,350,0.670588235,1,Autumn
Firebrick,#B22222,178,34,34,0,0.808988764,0.698039216,Autumn
Fire engine red,#CE2029,206,32,41,357,0.844660194,0.807843137,Autumn
Flame,#E25822,226,88,34,17,0.849557522,0.88627451,Autumn
Flamingo pink,#FC8EAC,252,142,172,344,0.436507937,0.988235294,Autumn
Flattery,#6B4423,107,68,35,28,0.672897196,0.419607843,Autumn
Flavescent,#F7E98E,247,233,142,52,0.425101215,0.968627451,Autumn
Flax,#EEDC82,238,220,130,50,0.453781513,0.933333333,Autumn
Flirt,#A2006D,162,0,109,320,1,0.635294118,Autumn
Floral white,#FFFAF0,255,250,240,40,0.058823529,1,Winter
Fluorescent orange,#FFBF00,255,191,0,45,1,1,Autumn
Fluorescent pink,#FF1493,255,20,147,328,0.921568627,1,Autumn
Fluorescent yellow,#CCFF00,204,255,0,72,1,1,Spring
Folly,#FF004F,255,0,79,341,1,1,Autumn
Forest green (traditional),#014421,1,68,33,149,0.985294118,0.266666667,Spring
Forest green (web),#228B22,34,139,34,120,0.755395683,0.545098039,Spring
French beige,#A67B5B,166,123,91,26,0.451807229,0.650980392,Autumn
French bistre,#856D4D,133,109,77,34,0.421052632,0.521568627,Autumn
French blue,#0072BB,0,114,187,203,1,0.733333333,Winter
French fuchsia,#FD3F92,253,63,146,334,0.750988142,0.992156863,Autumn
French lilac,#86608E,134,96,142,290,0.323943662,0.556862745,Summer
French lime,#9EFD38,158,253,56,89,0.778656126,0.992156863,Spring
French mauve,#D473D4,212,115,212,300,0.45754717,0.831372549,Winter
French pink,#FD6C9E,253,108,158,339,0.57312253,0.992156863,Autumn
French plum,#811453,129,20,83,325,0.84496124,0.505882353,Autumn
French puce,#4E1609,78,22,9,11,0.884615385,0.305882353,Autumn
French raspberry,#C72C48,199,44,72,349,0.778894472,0.780392157,Autumn
French rose,#F64A8A,246,74,138,338,0.699186992,0.964705882,Autumn
French sky blue,#77B5FE,119,181,254,212,0.531496063,0.996078431,Winter
French violet,#8806CE,136,6,206,279,0.970873786,0.807843137,Winter
French wine,#AC1E44,172,30,68,344,0.825581395,0.674509804,Autumn
Fresh Air,#A6E7FF,166,231,255,196,0.349019608,1,Winter
Frostbite,#E936A7,233,54,167,322,0.768240343,0.91372549,Autumn
Fuchsia,#FF00FF,255,0,255,300,1,1,Winter
Fuchsia (Crayola),#C154C1,193,84,193,300,0.564766839,0.756862745,Winter
Fuchsia pink,#FF77FF,255,119,255,300,0.533333333,1,Winter
Fuchsia purple,#CC397B,204,57,123,333,0.720588235,0.8,Autumn
Fuchsia rose,#C74375,199,67,117,337,0.663316583,0.780392157,Autumn
Fulvous,#E48400,228,132,0,35,1,0.894117647,Autumn
Fuzzy Wuzzy,#CC6666,204,102,102,0,0.5,0.8,Autumn
Gainsboro,#DCDCDC,220,220,220,0,0,0.862745098,Winter
Gamboge,#E49B0F,228,155,15,39,0.934210526,0.894117647,Autumn
Gamboge orange (brown),#996600,152,102,0,40,1,0.596078431,Autumn
Gargoyle Gas,#FFDF46,255,223,70,50,0.725490196,1,Autumn
Generic viridian,#007F66,0,127,102,168,1,0.498039216,Spring
Ghost white,#F8F8FF,248,248,255,240,0.02745098,1,Winter
Giant's Club,#B05C52,176,92,82,6,0.534090909,0.690196078,Autumn
Giants orange,#FE5A1D,254,90,29,16,0.885826772,0.996078431,Autumn
Ginger,#B06500,176,101,0,34,1,0.690196078,Autumn
Glaucous,#6082B6,96,130,182,216,0.472527473,0.71372549,Winter
Glitter,#E6E8FA,230,232,250,234,0.08,0.980392157,Winter
Glossy Grape,#AB92B3,171,146,179,285,0.184357542,0.701960784,Winter
GO green,#00AB66,0,171,102,156,1,0.670588235,Spring
Gold (metallic),#D4AF37,212,175,55,46,0.740566038,0.831372549,Autumn
Gold (web) (Golden),#FFD700,255,215,0,51,1,1,Autumn
Gold Fusion,#85754E,133,117,78,43,0.413533835,0.521568627,Autumn
Golden brown,#996515,153,101,21,36,0.862745098,0.6,Autumn
Golden poppy,#FCC200,252,194,0,46,1,0.988235294,Autumn
Golden yellow,#FFDF00,255,223,0,52,1,1,Autumn
Goldenrod,#DAA520,218,165,32,43,0.853211009,0.854901961,Autumn
Granite Gray,#676767,103,103,103,0,0,0.403921569,Summer
Granny Smith Apple,#A8E4A0,168,228,160,113,0.298245614,0.894117647,Winter
Grape,#6F2DA8,111,45,168,272,0.732142857,0.658823529,Winter
Gray,#808080,128,128,128,0,0,0.501960784,Summer
Gray (HTML/CSS gray),#808080,128,128,128,0,0,0.501960784,Summer
Gray (X11 gray),#BEBEBE,190,190,190,0,0,0.745098039,Winter
Gray-asparagus,#465945,70,89,69,117,0.224719101,0.349019608,Summer
Gray-blue,#8C92AC,140,146,172,229,0.186046512,0.674509804,Summer
Green (Color Wheel) (X11 green),#00FF00,0,255,0,120,1,1,Spring
Green (Crayola),#1CAC78,28,172,120,158,0.837209302,0.674509804,Spring
Green (HTML/CSS color),#008000,0,128,0,120,1,0.501960784,Spring
Green (Munsell),#00A877,0,168,119,163,1,0.658823529,Spring
Green (NCS),#009F6B,0,159,107,160,1,0.623529412,Spring
Green (Pantone),#00AD43,0,173,67,143,1,0.678431373,Spring
Green (pigment),#00A550,0,165,80,149,1,0.647058824,Spring
Green (RYB),#66B032,102,176,50,95,0.715909091,0.690196078,Spring
Green-blue,#1164B4,17,100,180,209,0.905555556,0.705882353,Winter
Green-cyan,#009966,0,153,102,160,1,0.6,Spring
Green Lizard,#A7F432,167,244,50,84,0.795081967,0.956862745,Spring
Green Sheen,#6EAEA1,110,174,161,168,0.367816092,0.682352941,Summer
Green-yellow,#ADFF2F,173,255,47,84,0.815686275,1,Spring
Grizzly,#885818,136,88,24,34,0.823529412,0.533333333,Autumn
Grullo,#A99A86,169,154,134,34,0.207100592,0.662745098,Summer
Guppie green,#00FF7F,0,255,127,150,1,1,Spring
Gunmetal,#2a3439,42,52,57,200,0.263157895,0.223529412,Summer
Halayà úbe,#663854,102,55,84,323,0.460784314,0.4,Autumn
Han blue,#446CCF,68,108,207,223,0.671497585,0.811764706,Winter
Han purple,#5218FA,82,24,250,255,0.904,0.980392157,Winter
Hansa yellow,#E9D66B,233,214,107,51,0.540772532,0.91372549,Autumn
Harlequin,#3FFF00,63,255,0,105,1,1,Spring
Harlequin green,#46CB18,70,203,24,105,0.881773399,0.796078431,Spring
Harvard crimson,#C90016,201,0,22,353,1,0.788235294,Autumn
Harvest gold,#DA9100,218,145,0,40,1,0.854901961,Autumn
Heart Gold,#808000,128,128,0,60,1,0.501960784,Spring
Heat Wave,#FF7A00,255,122,0,29,1,1,Autumn
Heidelberg Red[2],#960018,150,0,24,10,1,0.588235294,Autumn
Heliotrope,#DF73FF,223,115,255,286,0.549019608,1,Winter
Heliotrope gray,#AA98A9,170,152,168,303,0.105882353,0.666666667,Summer
Heliotrope magenta,#AA00BB,170,0,187,295,1,0.733333333,Winter
Hollywood cerise,#F400A1,244,0,161,320,1,0.956862745,Autumn
Honeydew,#F0FFF0,240,255,240,120,0.058823529,1,Winter
Honolulu blue,#006DB0,0,109,176,203,1,0.690196078,Winter
Hooker's green,#49796B,73,121,107,163,0.396694215,0.474509804,Summer
Hot magenta,#FF1DCE,255,29,206,313,0.88627451,1,Autumn
Hot pink,#FF69B4,255,105,180,330,0.588235294,1,Autumn
Hunter green,#355E3B,53,94,59,129,0.436170213,0.368627451,Spring
Iceberg,#71A6D2,113,166,210,207,0.461904762,0.823529412,Winter
Icterine,#FCF75E,252,247,94,58,0.626984127,0.988235294,Autumn
Iguana Green,#71BC78,113,188,120,126,0.39893617,0.737254902,Winter
Illuminating Emerald,#319177,49,145,119,164,0.662068966,0.568627451,Spring
Imperial,#602F6B,96,47,107,289,0.560747664,0.419607843,Winter
Imperial blue,#002395,0,35,149,226,1,0.584313725,Winter
Imperial purple,#66023C,102,2,60,325,0.980392157,0.4,Autumn
Imperial red,#ED2939,237,41,57,355,0.827004219,0.929411765,Autumn
Inchworm,#B2EC5D,178,236,93,84,0.605932203,0.925490196,Spring
Independence,#4C516D,76,81,109,231,0.302752294,0.42745098,Summer
India green,#138808,19,136,8,115,0.941176471,0.533333333,Spring
Indian red,#CD5C5C,205,92,92,0,0.551219512,0.803921569,Autumn
Indian yellow,#E3A857,227,168,87,35,0.616740088,0.890196078,Autumn
Indigo,#4B0082,75,0,130,266,1,0.509803922,Winter
Indigo dye,#091F92,9,31,146,230,0.938356164,0.57254902,Winter
Indigo (web),#4B0082,75,0,130,275,1,0.509803922,Winter
Infra Red,#FF496C,255,73,108,348,0.71372549,1,Autumn
Interdimensional Blue,#360CCC,54,12,204,253,0.941176471,0.8,Winter
International Klein Blue,#002FA7,0,47,167,223,1,0.654901961,Winter
International orange (aerospace),#FF4F00,255,79,0,19,1,1,Autumn
International orange (engineering),#BA160C,186,22,12,3,0.935483871,0.729411765,Autumn
International orange (Golden Gate Bridge),#C0362C,192,54,44,4,0.770833333,0.752941176,Autumn
Iris,#5A4FCF,90,79,207,245,0.618357488,0.811764706,Winter
Irresistible,#B3446C,179,68,108,338,0.620111732,0.701960784,Autumn
Isabelline,#F4F0EC,244,240,236,30,0.032786885,0.956862745,Winter
Islamic green,#009000,0,144,0,120,1,0.564705882,Spring
Italian sky blue,#B2FFFF,178,255,255,180,0.301960784,1,Winter
Ivory,#FFFFF0,255,255,240,60,0.058823529,1,Winter
Jade,#00A86B,0,168,107,158,1,0.658823529,Spring
Japanese carmine,#9D2933,157,41,51,355,0.738853503,0.615686275,Autumn
Japanese indigo,#264348,38,67,72,189,0.472222222,0.282352941,Winter
Japanese violet,#5B3256,91,50,86,307,0.450549451,0.356862745,Autumn
Jasmine,#F8DE7E,248,222,126,47,0.491935484,0.97254902,Autumn
Jasper,#D73B3E,215,59,62,359,0.725581395,0.843137255,Autumn
Jazzberry jam,#A50B5E,165,11,94,328,0.933333333,0.647058824,Autumn
Jelly Bean,#DA614E,218,97,78,8,0.642201835,0.854901961,Autumn
Jet,#343434,52,52,52,0,0,0.203921569,Summer
Jonquil,#F4CA16,244,202,22,49,0.909836066,0.956862745,Autumn
Jordy blue,#8AB9F1,138,185,241,213,0.427385892,0.945098039,Winter
June bud,#BDDA57,189,218,87,73,0.600917431,0.854901961,Spring
Jungle green,#29AB87,41,171,135,163,0.760233918,0.670588235,Spring
Kelly green,#4CBB17,76,187,23,101,0.877005348,0.733333333,Spring
Kenyan copper,#7C1C05,124,28,5,12,0.959677419,0.48627451,Autumn
Keppel,#3AB09E,58,176,158,171,0.670454545,0.690196078,Spring
Key Lime,#E8F48C,232,244,140,67,0.426229508,0.956862745,Spring
Khaki (HTML/CSS) (Khaki),#C3B091,195,176,145,37,0.256410256,0.764705882,Winter
Khaki (X11) (Light khaki),#F0E68C,240,230,140,54,0.416666667,0.941176471,Autumn
Kiwi,#8EE53F,142,229,63,91,0.72489083,0.898039216,Spring
Kobe,#882D17,136,45,23,12,0.830882353,0.533333333,Autumn
Kobi,#E79FC4,231,159,196,329,0.311688312,0.905882353,Winter
Kobicha,#6B4423,107,68,35,28,0.672897196,0.419607843,Autumn
Kombu green,#354230,53,66,48,103,0.272727273,0.258823529,Summer
KSU Purple,#512888,79,38,131,266,0.709923664,0.51372549,Winter
KU Crimson,#E8000D,232,0,13,357,1,0.909803922,Autumn
La Salle Green,#087830,8,120,48,141,0.933333333,0.470588235,Spring
Languid lavender,#D6CADD,214,202,221,278,0.085972851,0.866666667,Winter
Lapis lazuli,#26619C,38,97,156,210,0.756410256,0.611764706,Winter
Laser Lemon,#FFFF66,255,255,102,60,0.6,1,Spring
Laurel green,#A9BA9D,169,186,157,95,0.155913978,0.729411765,Winter
Lava,#CF1020,207,16,32,355,0.922705314,0.811764706,Autumn
Lavender (floral),#B57EDC,181,126,220,275,0.427272727,0.862745098,Winter
Lavender (web),#E6E6FA,230,230,250,240,0.08,0.980392157,Winter
Lavender blue,#CCCCFF,204,204,255,240,0.2,1,Winter
Lavender blush,#FFF0F5,255,240,245,340,0.058823529,1,Winter
Lavender gray,#C4C3D0,196,195,208,245,0.0625,0.815686275,Winter
Lavender indigo,#9457EB,148,87,235,265,0.629787234,0.921568627,Winter
Lavender magenta,#EE82EE,238,130,238,300,0.453781513,0.933333333,Winter
Lavender mist,#E6E6FA,230,230,250,240,0.08,0.980392157,Winter
Lavender pink,#FBAED2,251,174,210,332,0.306772908,0.984313725,Winter
Lavender purple,#967BB6,150,123,182,267,0.324175824,0.71372549,Winter
Lavender rose,#FBA0E3,251,160,227,316,0.362549801,0.984313725,Winter
Lawn green,#7CFC00,124,252,0,90,1,0.988235294,Spring
Lemon,#FFF700,255,247,0,58,1,1,Autumn
Lemon chiffon,#FFFACD,255,250,205,54,0.196078431,1,Winter
Lemon curry,#CCA01D,204,160,29,45,0.857843137,0.8,Autumn
Lemon glacier,#FDFF00,253,255,0,60,1,1,Spring
Lemon lime,#E3FF00,227,255,0,67,1,1,Spring
Lemon meringue,#F6EABE,246,234,190,47,0.227642276,0.964705882,Winter
Lemon yellow,#FFF44F,255,244,79,56,0.690196078,1,Autumn
Licorice,#1A1110,26,17,16,6,0.384615385,0.101960784,Summer
Liberty,#545AA7,84,90,167,236,0.497005988,0.654901961,Winter
Light apricot,#FDD5B1,253,213,177,28,0.300395257,0.992156863,Winter
Light blue,#ADD8E6,173,216,230,195,0.247826087,0.901960784,Winter
Light brown,#B5651D,181,101,29,28,0.839779006,0.709803922,Autumn
Light carmine pink,#E66771,230,103,113,355,0.552173913,0.901960784,Autumn
Light cobalt blue,#88ACE0,136,172,224,215,0.392857143,0.878431373,Winter
Light coral,#F08080,240,128,128,0,0.466666667,0.941176471,Autumn
Light cornflower blue,#93CCEA,147,204,234,201,0.371794872,0.917647059,Winter
Light crimson,#F56991,245,105,145,343,0.571428571,0.960784314,Autumn
Light cyan,#E0FFFF,224,255,255,180,0.121568627,1,Winter
Light deep pink,#FF5CCD,255,92,205,318,0.639215686,1,Autumn
Light French beige,#C8AD7F,200,173,127,38,0.365,0.784313725,Winter
Light fuchsia pink,#F984EF,249,132,239,305,0.469879518,0.976470588,Autumn
Light goldenrod yellow,#FAFAD2,250,250,210,60,0.16,0.980392157,Winter
Light gray,#D3D3D3,211,211,211,0,0,0.82745098,Winter
Light grayish magenta,#CC99CC,204,153,204,300,0.25,0.8,Winter
Light green,#90EE90,144,238,144,120,0.394957983,0.933333333,Winter
Light hot pink,#FFB3DE,255,179,222,326,0.298039216,1,Winter
Light khaki,#F0E68C,240,230,140,54,0.416666667,0.941176471,Autumn
Light medium orchid,#D39BCB,211,155,203,309,0.265402844,0.82745098,Winter
Light moss green,#ADDFAD,173,223,173,120,0.224215247,0.874509804,Winter
Light orchid,#E6A8D7,230,168,215,315,0.269565217,0.901960784,Winter
Light pastel purple,#B19CD9,177,156,217,261,0.281105991,0.850980392,Winter
Light pink,#FFB6C1,255,182,193,351,0.28627451,1,Winter
Light red ochre,#E97451,233,116,81,14,0.652360515,0.91372549,Autumn
Light salmon,#FFA07A,255,160,122,17,0.521568627,1,Autumn
Light salmon pink,#FF9999,255,153,153,0,0.4,1,Autumn
Light sea green,#20B2AA,32,178,170,177,0.820224719,0.698039216,Spring
Light sky blue,#87CEFA,135,206,250,203,0.46,0.980392157,Winter
Light slate gray,#778899,119,136,153,210,0.222222222,0.6,Summer
Light steel blue,#B0C4DE,176,196,222,214,0.207207207,0.870588235,Winter
Light taupe,#B38B6D,179,139,109,26,0.391061453,0.701960784,Winter
Light Thulian pink,#E68FAC,230,143,172,340,0.37826087,0.901960784,Winter
Light yellow,#FFFFE0,255,255,224,60,0.121568627,1,Winter
Lilac,#C8A2C8,200,162,200,300,0.19,0.784313725,Winter
Lilac Luster,#AE98AA,174,152,170,311,0.126436782,0.682352941,Summer
Lime (color wheel),#BFFF00,191,255,0,75,1,1,Spring
Lime (web) (X11 green),#00FF00,0,255,0,120,1,1,Spring
Lime green,#32CD32,50,205,50,120,0.756097561,0.803921569,Spring
Limerick,#9DC209,157,194,9,72,0.953608247,0.760784314,Spring
Lincoln green,#195905,25,89,5,106,0.943820225,0.349019608,Spring
Linen,#FAF0E6,250,240,230,30,0.08,0.980392157,Winter
Loeen(lopen)look/vomit+indogo+Lopen+Gabriel,#15F2FD,123,154,200,33,0.385,0.784313725,Winter
Liseran Purple,#DE6FA1,222,111,161,333,0.5,0.870588235,Autumn
Little boy blue,#6CA0DC,108,160,220,212,0.509090909,0.862745098,Winter
Liver,#674C47,103,76,71,9,0.310679612,0.403921569,Summer
Liver (dogs),#B86D29,184,109,41,29,0.777173913,0.721568627,Autumn
Liver (organ),#6C2E1F,108,46,31,12,0.712962963,0.423529412,Autumn
Liver chestnut,#987456,152,116,86,27,0.434210526,0.596078431,Autumn
Livid,#6699CC,102,153,204,210,0.5,0.8,Winter
Lumber,#FFE4CD,255,228,205,28,0.196078431,1,Winter
Lust,#E62020,230,32,32,0,0.860869565,0.901960784,Autumn
Maastricht Blue,#001C3D,0,28,61,212,1,0.239215686,Winter
Macaroni and Cheese,#FFBD88,255,189,136,27,0.466666667,1,Autumn
Madder Lake,#CC3336,204,51,54,359,0.75,0.8,Autumn
Magenta,#FF00FF,255,0,255,300,1,1,Winter
Magenta (Crayola),#FF55A3,255,85,163,332,0.666666667,1,Autumn
Magenta (dye),#CA1F7B,202,31,123,328,0.846534653,0.792156863,Autumn
Magenta (Pantone),#D0417E,208,65,126,334,0.6875,0.815686275,Autumn
Magenta (process),#FF0090,255,0,144,326,1,1,Autumn
Magenta haze,#9F4576,159,69,118,327,0.566037736,0.623529412,Autumn
Magenta-pink,#CC338B,204,51,139,325,0.75,0.8,Autumn
Magic mint,#AAF0D1,170,240,209,153,0.291666667,0.941176471,Winter
Magic Potion,#FF4466,255,68,102,349,0.733333333,1,Autumn
Magnolia,#F8F4FF,248,244,255,262,0.043137255,1,Winter
Mahogany,#C04000,192,64,0,20,1,0.752941176,Autumn
Maize,#FBEC5D,251,236,93,54,0.629482072,0.984313725,Autumn
Majorelle Blue,#6050DC,96,80,220,247,0.636363636,0.862745098,Winter
Malachite,#0BDA51,11,218,81,140,0.949541284,0.854901961,Spring
Manatee,#979AAA,151,154,170,231,0.111764706,0.666666667,Summer
Mandarin,#F37A48,243,122,72,18,0.703703704,0.952941176,Autumn
Mango Tango,#FF8243,255,130,67,20,0.737254902,1,Autumn
Mantis,#74C365,116,195,101,110,0.482051282,0.764705882,Spring
Mardi Gras,#880085,136,0,133,301,1,0.533333333,Autumn
Marigold,#EAA221,234,162,33,39,0.858974359,0.917647059,Autumn
Maroon (Crayola),#C32148,195,33,72,346,0.830769231,0.764705882,Autumn
Maroon (HTML/CSS),#800000,128,0,0,0,1,0.501960784,Autumn
Maroon (X11),#B03060,176,48,96,338,0.727272727,0.690196078,Autumn
Mauve,#E0B0FF,224,176,255,276,0.309803922,1,Winter
Mauve taupe,#915F6D,145,95,109,343,0.344827586,0.568627451,Summer
Mauvelous,#EF98AA,239,152,170,348,0.364016736,0.937254902,Winter
Maximum Blue,#47ABCC,71,171,204,195,0.651960784,0.8,Winter
Maximum Blue Green,#30BFBF,48,191,191,180,0.748691099,0.749019608,Spring
Maximum Blue Purple,#ACACE6,172,172,230,240,0.252173913,0.901960784,Winter
Maximum Green,#5E8C31,94,140,49,90,0.65,0.549019608,Spring
Maximum Green Yellow,#D9E650,217,230,80,65,0.652173913,0.901960784,Spring
Maximum Purple,#733380,115,51,128,290,0.6015625,0.501960784,Winter
Maximum Red,#D92121,217,33,33,0,0.847926267,0.850980392,Autumn
Maximum Red Purple,#A63A79,166,58,121,325,0.65060241,0.650980392,Autumn
Maximum Yellow,#FAFA37,250,250,55,60,0.78,0.980392157,Spring
Maximum Yellow Red,#F2BA49,242,186,73,40,0.698347107,0.949019608,Autumn
May green,#4C9141,76,145,65,112,0.551724138,0.568627451,Spring
Maya blue,#73C2FB,115,194,251,205,0.541832669,0.984313725,Winter
Meat brown,#E5B73B,229,183,59,44,0.742358079,0.898039216,Autumn
Medium aquamarine,#66DDAA,102,221,170,154,0.538461538,0.866666667,Spring
Medium blue,#0000CD,0,0,205,240,1,0.803921569,Winter
Medium candy apple red,#E2062C,226,6,44,350,0.973451327,0.88627451,Autumn
Medium carmine,#AF4035,175,64,53,5,0.697142857,0.68627451,Autumn
Medium champagne,#F3E5AB,243,229,171,48,0.296296296,0.952941176,Winter
Medium electric blue,#035096,3,80,150,209,0.98,0.588235294,Winter
Medium jungle green,#1C352D,28,53,45,161,0.471698113,0.207843137,Spring
Medium lavender magenta,#DDA0DD,221,160,221,300,0.2760181,0.866666667,Winter
Medium orchid,#BA55D3,186,85,211,288,0.597156398,0.82745098,Winter
Medium Persian blue,#0067A5,0,103,165,203,1,0.647058824,Winter
Medium purple,#9370DB,147,112,219,260,0.488584475,0.858823529,Winter
Medium red-violet,#BB3385,187,51,133,324,0.727272727,0.733333333,Autumn
Medium ruby,#AA4069,170,64,105,337,0.623529412,0.666666667,Autumn
Medium sea green,#3CB371,60,179,113,147,0.664804469,0.701960784,Spring
Medium sky blue,#80DAEB,128,218,235,190,0.455319149,0.921568627,Winter
Medium slate blue,#7B68EE,123,104,238,249,0.56302521,0.933333333,Winter
Medium spring bud,#C9DC87,201,220,135,73,0.386363636,0.862745098,Winter
Medium spring green,#00FA9A,0,250,154,157,1,0.980392157,Spring
Medium taupe,#674C47,103,76,71,9,0.310679612,0.403921569,Summer
Medium turquoise,#48D1CC,72,209,204,178,0.655502392,0.819607843,Spring
Medium Tuscan red,#79443B,121,68,59,9,0.512396694,0.474509804,Autumn
Medium vermilion,#D9603B,217,96,59,14,0.728110599,0.850980392,Autumn
Medium violet-red,#C71585,199,21,133,322,0.894472362,0.780392157,Autumn
Mellow apricot,#F8B878,248,184,120,30,0.516129032,0.97254902,Autumn
Mellow yellow,#F8DE7E,248,222,126,47,0.491935484,0.97254902,Autumn
Melon,#FDBCB4,253,188,180,7,0.288537549,0.992156863,Winter
Metallic Seaweed,#0A7E8C,10,126,140,186,0.928571429,0.549019608,Winter
Metallic Sunburst,#9C7C38,156,124,56,41,0.641025641,0.611764706,Autumn
Mexican pink,#E4007C,228,0,124,327,1,0.894117647,Autumn
Middle Blue,#7ED4E6,126,212,230,126,0.452173913,0.901960784,Spring
Middle Blue Green,#8DD9CC,141,217,204,141,0.350230415,0.850980392,Winter
Middle Blue Purple,#8B72BE,139,114,190,260,0.4,0.745098039,Winter
Middle Red Purple,#210837,33,8,55,139,0.854545455,0.215686275,Spring
Middle Green,#4D8C57,77,140,87,130,0.45,0.549019608,Spring
Middle Green Yellow,#ACBF60,172,191,96,72,0.497382199,0.749019608,Spring
Middle Purple,#D982B5,217,130,181,325,0.400921659,0.850980392,Autumn
Middle Red,#E58E73,229,144,115,15,0.497816594,0.898039216,Autumn
Middle Red Purple,#A55353,0,83,83,165,1,0.325490196,Spring
Middle Yellow,#FFEB00,255,235,0,55,1,1,Autumn
Middle Yellow Red,#ECB176,166,58,121,236,0.65060241,0.650980392,Winter
Midnight,#702670,112,38,112,300,0.660714286,0.439215686,Winter
Midnight blue,#191970,25,25,112,240,0.776785714,0.439215686,Winter
Midnight green (eagle green),#004953,0,73,83,187,1,0.325490196,Winter
Mikado yellow,#FFC40C,255,196,12,45,0.952941176,1,Autumn
Milk,#FDFFF5,253,255,245,72,0.039215686,1,Winter
Mimi Pink,#FFDAE9,255,218,233,336,0.145098039,1,Winter
Mindaro,#E3F988,227,249,136,72,0.453815261,0.976470588,Spring
Ming,#36747D,54,116,125,188,0.568,0.490196078,Winter
Minion Yellow,#F5E050,245,220,80,52,0.673469388,0.960784314,Autumn
Mint,#3EB489,62,180,137,158,0.655555556,0.705882353,Spring
Mint cream,#F5FFFA,245,255,250,150,0.039215686,1,Winter
Mint green,#98FF98,152,255,152,120,0.403921569,1,Spring
Misty Moss,#BBB477,187,180,119,54,0.363636364,0.733333333,Winter
Misty rose,#FFE4E1,255,228,225,6,0.117647059,1,Winter
Moccasin,#FAEBD7,250,235,215,34,0.14,0.980392157,Winter
Mode beige,#967117,150,113,23,43,0.846666667,0.588235294,Autumn
Moonstone blue,#73A9C2,115,169,194,199,0.407216495,0.760784314,Winter
Mordant red 19,#AE0C00,174,12,0,4,1,0.682352941,Autumn
Moss green,#8A9A5B,138,154,91,75,0.409090909,0.603921569,Spring
Mountain Meadow,#30BA8F,48,186,143,161,0.741935484,0.729411765,Spring
Mountbatten pink,#997A8D,153,122,141,323,0.202614379,0.6,Summer
MSU Green,#18453B,24,69,59,167,0.652173913,0.270588235,Spring
Mughal green,#306030,48,96,48,120,0.5,0.376470588,Spring
Mulberry,#C54B8C,197,75,140,328,0.61928934,0.77254902,Autumn
Mummy's Tomb,#828E84,130,142,132,130,0.084507042,0.556862745,Summer
Mustard,#FFDB58,255,219,88,47,0.654901961,1,Autumn
Myrtle green,#317873,49,120,115,176,0.591666667,0.470588235,Spring
Mystic,#D65282,214,82,130,338,0.61682243,0.839215686,Autumn
Mystic Maroon,#AD4379,173,67,121,329,0.612716763,0.678431373,Autumn
Nadeshiko pink,#F6ADC6,246,173,198,339,0.296747967,0.964705882,Winter
Napier green,#2A8000,42,128,0,100,1,0.501960784,Spring
Naples yellow,#FADA5E,250,218,94,48,0.624,0.980392157,Autumn
Navajo white,#FFDEAD,255,222,173,36,0.321568627,1,Winter
Navy,#000080,0,0,128,240,1,0.501960784,Winter
Navy purple,#9457EB,148,87,235,265,0.629787234,0.921568627,Winter
Neon Carrot,#FFA343,255,163,67,31,0.737254902,1,Autumn
Neon fuchsia,#FE4164,254,65,100,349,0.744094488,0.996078431,Autumn
Neon green,#39FF14,57,255,20,111,0.921568627,1,Spring
New Car,#214FC6,33,79,198,223,0.833333333,0.776470588,Winter
New York pink,#D7837F,215,131,127,3,0.409302326,0.843137255,Autumn
Nickel,#727472,114,116,114,120,0.017241379,0.454901961,Summer
Non-photo blue,#A4DDED,164,221,237,193,0.308016878,0.929411765,Winter
North Texas Green,#059033,5,144,51,140,0.965277778,0.564705882,Spring
Nyanza,#E9FFDB,233,255,219,97,0.141176471,1,Winter
Ocean Blue,#4F42B5,79,66,181,247,0.635359116,0.709803922,Winter
Ocean Boat Blue,#0077BE,0,119,190,202,1,0.745098039,Winter
Ocean Green,#48BF91,72,191,145,157,0.623036649,0.749019608,Spring
Ochre,#CC7722,204,119,34,30,0.833333333,0.8,Autumn
Office green,#008000,0,128,0,120,1,0.501960784,Spring
Ogre Odor,#FD5240,253,82,64,6,0.747035573,0.992156863,Autumn
Old burgundy,#43302E,67,48,46,6,0.313432836,0.262745098,Summer
Old gold,#CFB53B,207,181,59,49,0.714975845,0.811764706,Autumn
Old heliotrope,#563C5C,86,60,92,289,0.347826087,0.360784314,Summer
Old lace,#FDF5E6,253,245,230,39,0.090909091,0.992156863,Winter
Old lavender,#796878,121,104,120,304,0.140495868,0.474509804,Summer
Old mauve,#673147,103,49,71,336,0.524271845,0.403921569,Autumn
Old moss green,#867E36,134,126,54,54,0.597014925,0.525490196,Autumn
Old rose,#C08081,192,128,129,359,0.333333333,0.752941176,Winter
Old silver,#848482,132,132,130,60,0.015151515,0.517647059,Summer
Olive,#808000,128,128,0,60,1,0.501960784,Spring
Olive Drab (#3),#6B8E23,107,142,35,80,0.753521127,0.556862745,Spring
Olive Drab #7,#3C341F,60,52,31,43,0.483333333,0.235294118,Autumn
Olivine,#9AB973,154,185,115,87,0.378378378,0.725490196,Winter
Onyx,#353839,53,56,57,195,0.070175439,0.223529412,Summer
Opera mauve,#B784A7,183,132,167,319,0.278688525,0.717647059,Winter
Orange (color wheel),#FF7F00,255,127,0,30,1,1,Autumn
Orange (Crayola),#FF7538,255,117,56,18,0.780392157,1,Autumn
Orange (Pantone),#FF5800,255,88,0,21,1,1,Autumn
Orange (RYB),#FB9902,251,153,2,36,0.992031873,0.984313725,Autumn
Orange (web),#FFA500,255,165,0,39,1,1,Autumn
Orange peel,#FF9F00,255,159,0,37,1,1,Autumn
Orange-red,#FF4500,255,69,0,16,1,1,Autumn
Orange Soda,#FA5B3D,250,91,61,10,0.756,0.980392157,Autumn
Orange-yellow,#F8D568,248,213,104,45,0.580645161,0.97254902,Autumn
Orchid,#DA70D6,218,112,214,302,0.486238532,0.854901961,Autumn
Orchid pink,#F2BDCD,242,189,205,342,0.219008264,0.949019608,Winter
Orioles orange,#FB4F14,251,79,20,15,0.920318725,0.984313725,Autumn
Otter brown,#654321,101,67,33,30,0.673267327,0.396078431,Autumn
Outer Space,#414A4C,65,74,76,191,0.144736842,0.298039216,Summer
Outrageous Orange,#FF6E4A,255,110,74,12,0.709803922,1,Autumn
Oxford Blue,#002147,0,33,71,212,1,0.278431373,Winter
OU Crimson Red,#990000,153,0,0,0,1,0.6,Autumn
Pacific Blue,#1CA9C9,28,169,201,191,0.860696517,0.788235294,Winter
Pakistan green,#006600,0,102,0,120,1,0.4,Spring
Palatinate blue,#273BE2,39,59,226,234,0.827433628,0.88627451,Winter
Palatinate purple,#682860,104,40,96,308,0.615384615,0.407843137,Autumn
Pale aqua,#BCD4E6,188,212,230,206,0.182608696,0.901960784,Winter
Pale blue,#AFEEEE,175,238,238,180,0.264705882,0.933333333,Winter
Pale brown,#987654,152,118,84,30,0.447368421,0.596078431,Autumn
Pale carmine,#AF4035,175,64,53,5,0.697142857,0.68627451,Autumn
Pale cerulean,#9BC4E2,155,196,226,205,0.314159292,0.88627451,Winter
Pale chestnut,#DDADAF,221,173,175,358,0.21719457,0.866666667,Winter
Pale copper,#DA8A67,218,138,103,18,0.527522936,0.854901961,Autumn
Pale cornflower blue,#ABCDEF,171,205,239,210,0.284518828,0.937254902,Winter
Pale cyan,#87D3F8,135,211,248,200,0.455645161,0.97254902,Winter
Pale gold,#E6BE8A,230,190,138,34,0.4,0.901960784,Autumn
Pale goldenrod,#EEE8AA,238,232,170,55,0.285714286,0.933333333,Winter
Pale green,#98FB98,152,251,152,120,0.394422311,0.984313725,Winter
Pale lavender,#DCD0FF,220,208,255,255,0.184313725,1,Winter
Pale magenta,#F984E5,249,132,229,310,0.469879518,0.976470588,Autumn
Pale magenta-pink,#FF99CC,255,153,204,330,0.4,1,Autumn
Pale pink,#FADADD,250,218,221,354,0.128,0.980392157,Winter
Pale plum,#DDA0DD,221,160,221,300,0.2760181,0.866666667,Winter
Pale red-violet,#DB7093,219,112,147,340,0.488584475,0.858823529,Autumn
Pale robin egg blue,#96DED1,150,222,209,169,0.324324324,0.870588235,Winter
Pale silver,#C9C0BB,201,192,187,21,0.069651741,0.788235294,Winter
Pale spring bud,#ECEBBD,236,235,189,59,0.199152542,0.925490196,Winter
Pale taupe,#BC987E,188,152,126,25,0.329787234,0.737254902,Winter
Pale turquoise,#AFEEEE,175,238,238,180,0.264705882,0.933333333,Winter
Pale violet,#CC99FF,204,153,255,270,0.4,1,Winter
Pale violet-red,#DB7093,219,112,147,340,0.488584475,0.858823529,Autumn
Palm Leaf,#6F9940,130,142,132,88,0.084507042,0.556862745,Summer
Pansy purple,#78184A,120,24,74,329,0.8,0.470588235,Autumn
Paolo Veronese green,#009B7D,0,155,125,168,1,0.607843137,Spring
Papaya whip,#FFEFD5,255,239,213,37,0.164705882,1,Winter
Paradise pink,#E63E62,230,62,98,347,0.730434783,0.901960784,Autumn
Paris Green,#50C878,80,200,120,140,0.6,0.784313725,Spring
Parrot Pink,#D998A0,217,152,160,353,0.299539171,0.850980392,Winter
Pastel blue,#AEC6CF,174,198,207,196,0.15942029,0.811764706,Winter
Pastel brown,#836953,130,105,83,28,0.361538462,0.509803922,Summer
Pastel gray,#CFCFC4,207,207,196,60,0.053140097,0.811764706,Winter
Pastel green,#77DD77,119,221,119,120,0.461538462,0.866666667,Spring
Pastel magenta,#F49AC2,244,154,194,333,0.368852459,0.956862745,Winter
Pastel orange,#FFB347,255,179,71,35,0.721568627,1,Autumn
Pastel pink,#DEA5A4,222,165,164,1,0.261261261,0.870588235,Winter
Pastel purple,#B39EB5,179,158,181,295,0.127071823,0.709803922,Winter
Pastel red,#FF6961,255,105,97,3,0.619607843,1,Autumn
Pastel violet,#CB99C9,203,153,201,302,0.246305419,0.796078431,Winter
Pastel yellow,#FDFD96,253,253,150,60,0.407114625,0.992156863,Spring
Patriarch,#800080,128,0,128,300,1,0.501960784,Winter
Payne's grey,#536878,83,104,120,206,0.308333333,0.470588235,Summer
Peach,#FFE5B4,255,229,180,39,0.294117647,1,Winter
Peach,#FFCBA4,255,203,164,26,0.356862745,1,Winter
Peach-orange,#FFCC99,255,204,153,30,0.4,1,Autumn
Peach puff,#FFDAB9,255,218,185,28,0.274509804,1,Winter
Peach-yellow,#FADFAD,250,223,173,39,0.308,0.980392157,Winter
Pear,#D1E231,209,226,49,66,0.783185841,0.88627451,Spring
Pearl,#EAE0C8,234,224,200,42,0.145299145,0.917647059,Winter
Pearl Aqua,#88D8C0,136,216,192,162,0.37037037,0.847058824,Winter
Pearly purple,#B768A2,183,104,162,316,0.431693989,0.717647059,Autumn
Peridot,#E6E200,230,226,0,59,1,0.901960784,Autumn
Periwinkle,#CCCCFF,204,204,255,240,0.2,1,Winter
Permanent Geranium Lake,#E12C2C,225,44,44,0,0.804444444,0.882352941,Autumn
Persian blue,#1C39BB,28,57,187,229,0.85026738,0.733333333,Winter
Persian green,#00A693,0,166,147,173,1,0.650980392,Spring
Persian indigo,#32127A,50,18,122,258,0.852459016,0.478431373,Winter
Persian orange,#D99058,217,144,88,26,0.594470046,0.850980392,Autumn
Persian pink,#F77FBE,247,127,190,329,0.48582996,0.968627451,Autumn
Persian plum,#701C1C,112,28,28,0,0.75,0.439215686,Autumn
Persian red,#CC3333,204,51,51,0,0.75,0.8,Autumn
Persian rose,#FE28A2,254,40,162,326,0.842519685,0.996078431,Autumn
Persimmon,#EC5800,236,88,0,22,1,0.925490196,Autumn
Peru,#CD853F,205,133,63,30,0.692682927,0.803921569,Autumn
Pewter Blue,#8BA8B7,139,168,183,200,0.240437158,0.717647059,Winter
Phlox,#DF00FF,223,0,255,292,1,1,Winter
Phthalo blue,#000F89,0,15,137,233,1,0.537254902,Winter
Phthalo green,#123524,18,53,36,151,0.660377358,0.207843137,Spring
Picton blue,#45B1E8,69,177,232,200,0.702586207,0.909803922,Winter
Pictorial carmine,#C30B4E,195,11,78,338,0.943589744,0.764705882,Autumn
Piggy pink,#FDDDE6,253,221,230,343,0.126482213,0.992156863,Winter
Pine green,#01796F,1,121,111,175,0.991735537,0.474509804,Spring
Pineapple,#563C5C,86,60,13,289,0.848837209,0.337254902,Winter
Pink,#FFC0CB,255,192,203,350,0.247058824,1,Winter
Pink (Pantone),#D74894,215,72,148,328,0.665116279,0.843137255,Autumn
Pink Flamingo,#FC74FD,252,116,253,300,0.541501976,0.992156863,Winter
Pink lace,#FFDDF4,255,221,244,319,0.133333333,1,Winter
Pink lavender,#D8B2D1,216,178,209,311,0.175925926,0.847058824,Winter
Pink-orange,#FF9966,255,153,102,20,0.6,1,Autumn
Pink pearl,#E7ACCF,231,172,207,324,0.255411255,0.905882353,Winter
Pink raspberry,#980036,152,0,54,339,1,0.596078431,Autumn
Pink Sherbet,#F78FA7,247,143,167,346,0.421052632,0.968627451,Autumn
Pistachio,#93C572,147,197,114,96,0.421319797,0.77254902,Spring
Pixie Powder,#391285,57,18,133,260,0.864661654,0.521568627,Winter
Platinum,#E5E4E2,229,228,226,40,0.013100437,0.898039216,Winter
Plum,#8E4585,142,69,133,307,0.514084507,0.556862745,Autumn
Plum (web),#DDA0DD,221,160,221,300,0.2760181,0.866666667,Winter
Plump Purple,#5946B2,89,70,178,251,0.606741573,0.698039216,Winter
Polished Pine,#5DA493,93,164,147,166,0.432926829,0.643137255,Spring
Pomp and Power,#86608E,134,96,142,290,0.323943662,0.556862745,Summer
Popstar,#BE4F62,190,79,98,350,0.584210526,0.745098039,Autumn
Portland Orange,#FF5A36,255,90,54,11,0.788235294,1,Autumn
Powder blue,#B0E0E6,176,224,230,187,0.234782609,0.901960784,Winter
Princess Perfume,#FF85CF,255,133,207,324,0.478431373,1,Autumn
Princeton orange,#F58025,245,128,37,26,0.848979592,0.960784314,Autumn
Prune,#701C1C,112,28,28,0,0.75,0.439215686,Autumn
Prussian blue,#003153,0,49,83,205,1,0.325490196,Winter
Psychedelic purple,#DF00FF,223,0,255,292,1,1,Winter
Puce,#CC8899,204,136,153,345,0.333333333,0.8,Winter
Puce red,#722F37,114,47,55,353,0.587719298,0.447058824,Autumn
Pullman Brown (UPS Brown),#644117,100,65,23,33,0.77,0.392156863,Autumn
Pullman Green,#3B331C,59,51,28,45,0.525423729,0.231372549,Autumn
Pumpkin,#FF7518,255,117,24,24,0.905882353,1,Autumn
Purple (HTML),#800080,128,0,128,300,1,0.501960784,Winter
Purple (Munsell),#9F00C5,159,0,197,288,1,0.77254902,Winter
Purple (X11),#A020F0,160,32,240,277,0.866666667,0.941176471,Winter
Purple Heart,#69359C,105,53,156,270,0.66025641,0.611764706,Winter
Purple mountain majesty,#9678B6,150,120,182,269,0.340659341,0.71372549,Winter
Purple navy,#4E5180,78,81,128,236,0.390625,0.501960784,Summer
Purple pizzazz,#FE4EDA,254,78,218,312,0.692913386,0.996078431,Autumn
Purple Plum,#9C51B6,156,81,182,285,0.554945055,0.71372549,Winter
Purple taupe,#50404D,80,64,77,311,0.2,0.31372549,Summer
Purpureus,#9A4EAE,154,78,174,288,0.551724138,0.682352941,Winter
Quartz,#51484F,81,72,79,313,0.111111111,0.317647059,Summer
Queen blue,#436B95,67,107,149,211,0.55033557,0.584313725,Winter
Queen pink,#E8CCD7,232,204,215,336,0.120689655,0.909803922,Winter
Quick Silver,#A6A6A6,166,166,166,0,0,0.650980392,Summer
Quinacridone magenta,#8E3A59,142,58,89,338,0.591549296,0.556862745,Autumn
Rackley,#5D8AA8,93,138,168,204,0.446428571,0.658823529,Winter
Radical Red,#FF355E,255,53,94,348,0.792156863,1,Autumn
Raisin black,#242124,36,33,36,300,0.083333333,0.141176471,Summer
Rajah,#FBAB60,251,171,96,29,0.61752988,0.984313725,Autumn
Raspberry,#E30B5D,227,11,92,337,0.95154185,0.890196078,Autumn
Raspberry glace,#915F6D,145,95,109,343,0.344827586,0.568627451,Summer
Raspberry pink,#E25098,226,80,152,330,0.646017699,0.88627451,Autumn
Raspberry rose,#B3446C,179,68,108,338,0.620111732,0.701960784,Autumn
Raw Sienna,#D68A59,214,138,89,24,0.58411215,0.839215686,Autumn
Raw umber,#826644,130,102,68,33,0.476923077,0.509803922,Autumn
Razzle dazzle rose,#FF33CC,255,51,204,315,0.8,1,Autumn
Razzmatazz,#E3256B,227,37,107,338,0.837004405,0.890196078,Autumn
Razzmic Berry,#8D4E85,141,78,133,308,0.446808511,0.552941176,Autumn
Rebecca Purple,#663399,102,52,153,270,0.660130719,0.6,Winter
Red,#FF0000,255,0,0,0,1,1,Autumn
Red (Crayola),#EE204D,238,32,77,347,0.865546218,0.933333333,Autumn
Red (Munsell),#F2003C,242,0,60,345,1,0.949019608,Autumn
Red (NCS),#C40233,196,2,51,345,0.989795918,0.768627451,Autumn
Red (Pantone),#ED2939,237,41,57,355,0.827004219,0.929411765,Autumn
Red (pigment),#ED1C24,237,28,36,358,0.88185654,0.929411765,Autumn
Red (RYB),#FE2712,254,39,18,5,0.929133858,0.996078431,Autumn
Red-brown,#A52A2A,165,42,42,0,0.745454545,0.647058824,Autumn
Red devil,#860111,134,1,17,353,0.992537313,0.525490196,Autumn
Red-orange,#FF5349,255,83,73,3,0.71372549,1,Autumn
Red-purple,#E40078,228,0,120,328,1,0.894117647,Autumn
Red Salsa,#FD3A4A,253,58,74,355,0.770750988,0.992156863,Autumn
Red-violet,#C71585,199,21,133,322,0.894472362,0.780392157,Autumn
Redwood,#A45A52,164,90,82,6,0.5,0.643137255,Autumn
Regalia,#522D80,82,45,128,267,0.6484375,0.501960784,Winter
Registration black,#000000,0,0,0,0,0,0,Summer
Resolution blue,#002387,0,35,135,224,1,0.529411765,Winter
Rhythm,#777696,119,118,150,242,0.213333333,0.588235294,Summer
Rich black,#004040,0,64,64,180,1,0.250980392,Spring
Rich black (FOGRA29),#010B13,1,11,19,207,0.947368421,0.074509804,Winter
Rich black (FOGRA39),#010203,1,2,3,210,0.666666667,0.011764706,Winter
Rich brilliant lavender,#F1A7FE,241,167,254,291,0.342519685,0.996078431,Winter
Rich carmine,#D70040,215,0,64,342,1,0.843137255,Autumn
Rich electric blue,#0892D0,8,146,208,199,0.961538462,0.815686275,Winter
Rich lavender,#A76BCF,167,107,207,276,0.483091787,0.811764706,Winter
Rich lilac,#B666D2,182,102,210,284,0.514285714,0.823529412,Winter
Rich maroon,#B03060,176,48,96,338,0.727272727,0.690196078,Autumn
Rifle green,#444C38,68,76,56,84,0.263157895,0.298039216,Summer
Roast coffee,#704241,112,66,65,1,0.419642857,0.439215686,Autumn
Robin egg blue,#00CCCC,0,204,204,180,1,0.8,Spring
Rocket metallic,#8A7F80,138,127,128,355,0.079710145,0.541176471,Summer
Roman silver,#838996,131,137,150,221,0.126666667,0.588235294,Summer
Rose,#FF007F,255,0,127,330,1,1,Autumn
Rose bonbon,#F9429E,249,66,158,330,0.734939759,0.976470588,Autumn
Rose Dust,#9E5E6F,158,94,111,344,0.405063291,0.619607843,Autumn
Rose ebony,#674846,103,72,70,4,0.32038835,0.403921569,Summer
Rose gold,#B76E79,183,110,121,351,0.398907104,0.717647059,Winter
Rose madder,#E32636,227,38,54,355,0.832599119,0.890196078,Autumn
Rose pink,#FF66CC,255,102,204,320,0.6,1,Autumn
Rose quartz,#AA98A9,170,152,169,303,0.105882353,0.666666667,Summer
Rose red,#C21E56,194,30,86,340,0.845360825,0.760784314,Autumn
Rose taupe,#905D5D,144,93,93,0,0.354166667,0.564705882,Summer
Rose vale,#AB4E52,171,78,82,357,0.543859649,0.670588235,Autumn
Rosewood,#65000B,101,0,11,353,1,0.396078431,Autumn
Rosso corsa,#D40000,212,0,0,0,1,0.831372549,Autumn
Rosy brown,#BC8F8F,188,143,143,0,0.239361702,0.737254902,Winter
Royal azure,#0038A8,0,56,168,220,1,0.658823529,Winter
Royal blue,#002366,0,35,102,219,1,0.4,Winter
Royal blue,#4169E1,65,105,225,225,0.711111111,0.882352941,Winter
Royal fuchsia,#CA2C92,202,44,146,321,0.782178218,0.792156863,Autumn
Royal purple,#7851A9,120,81,169,267,0.520710059,0.662745098,Winter
Royal yellow,#FADA5E,250,218,94,48,0.624,0.980392157,Autumn
Ruber,#CE4676,206,70,118,339,0.660194175,0.807843137,Autumn
Rubine red,#D10056,209,0,86,335,1,0.819607843,Autumn
Ruby,#E0115F,224,17,95,337,0.924107143,0.878431373,Autumn
Ruby red,#9B111E,155,17,30,354,0.890322581,0.607843137,Autumn
Ruddy,#FF0028,255,0,40,351,1,1,Autumn
Ruddy brown,#BB6528,187,101,40,25,0.786096257,0.733333333,Autumn
Ruddy pink,#E18E96,225,142,150,354,0.368888889,0.882352941,Winter
Rufous,#A81C07,168,28,7,8,0.958333333,0.658823529,Autumn
Russet,#80461B,128,70,27,26,0.7890625,0.501960784,Autumn
Russian green,#679267,103,146,103,120,0.294520548,0.57254902,Summer
Russian violet,#32174D,50,23,77,270,0.701298701,0.301960784,Winter
Rust,#B7410E,183,65,14,18,0.923497268,0.717647059,Autumn
Rusty red,#DA2C43,218,44,67,352,0.798165138,0.854901961,Autumn
Sacramento State green,#00563F,0,86,63,164,1,0.337254902,Spring
Saddle brown,#8B4513,139,69,19,25,0.863309353,0.545098039,Autumn
Safety orange,#FF7800,255,120,0,28,1,1,Autumn
Safety orange (blaze orange),#FF6700,255,103,0,24,1,1,Autumn
Safety yellow,#EED202,238,210,2,53,0.991596639,0.933333333,Autumn
Saffron,#F4C430,244,196,48,45,0.803278689,0.956862745,Autumn
Sage,#BCB88A,188,184,138,55,0.265957447,0.737254902,Winter
St. Patrick's blue,#23297A,35,41,122,236,0.713114754,0.478431373,Winter
Salmon,#FA8072,250,128,114,6,0.544,0.980392157,Autumn
Salmon pink,#FF91A4,255,145,164,350,0.431372549,1,Autumn
Sand,#C2B280,194,178,128,45,0.340206186,0.760784314,Winter
Sand dune,#967117,150,113,23,43,0.846666667,0.588235294,Autumn
Sandstorm,#ECD540,236,213,64,52,0.728813559,0.925490196,Autumn
Sandy brown,#F4A460,244,164,96,28,0.606557377,0.956862745,Autumn
Sandy Tan,#FDD9B5,253,217,181,30,0.28458498,0.992156863,Winter
Sandy taupe,#967117,150,113,23,43,0.846666667,0.588235294,Autumn
Sangria,#92000A,146,0,10,356,1,0.57254902,Autumn
Sap green,#507D2A,80,125,42,93,0.664,0.490196078,Spring
Sapphire,#0F52BA,15,82,186,216,0.919354839,0.729411765,Winter
Sapphire blue,#0067A5,0,103,165,203,1,0.647058824,Winter
Sasquatch Socks,#FF4681,255,70,129,341,0.725490196,1,Autumn
Satin sheen gold,#CBA135,203,161,53,43,0.738916256,0.796078431,Autumn
Scarlet,#FF2400,255,36,0,8,1,1,Autumn
Scarlet,#FD0E35,253,14,53,350,0.944664032,0.992156863,Autumn
Schauss pink,#FF91AF,255,145,175,344,0.431372549,1,Autumn
School bus yellow,#FFD800,255,216,0,51,1,1,Autumn
Screamin' Green,#66FF66,102,255,102,120,0.6,1,Spring
Sea blue,#006994,0,105,148,197,1,0.580392157,Winter
Sea Foam Green,#9FE2BF,195,226,191,149,0.154867257,0.88627451,Winter
Sea green,#2E8B57,46,139,87,146,0.669064748,0.545098039,Spring
Sea Serpent,#4BC7CF,75,199,207,184,0.637681159,0.811764706,Winter
Seal brown,#59260B,50,20,20,0,0.6,0.196078431,Autumn
Seashell,#FFF5EE,255,245,238,25,0.066666667,1,Winter
Selective yellow,#FFBA00,255,186,0,44,1,1,Autumn
Sepia,#704214,112,66,20,30,0.821428571,0.439215686,Autumn
Shadow,#8A795D,138,121,93,37,0.326086957,0.541176471,Summer
Shadow blue,#778BA5,119,139,165,214,0.278787879,0.647058824,Summer
Shampoo,#FFCFF1,255,207,241,318,0.188235294,1,Winter
Shamrock green,#009E60,0,158,96,156,1,0.619607843,Spring
Sheen Green,#8FD400,143,212,0,80,1,0.831372549,Spring
Shimmering Blush,#D98695,217,134,149,349,0.382488479,0.850980392,Winter
Shiny Shamrock,#5FA778,95,167,120,141,0.431137725,0.654901961,Spring
Shocking pink,#FC0FC0,252,15,192,315,0.94047619,0.988235294,Autumn
Shocking pink (Crayola),#FF6FFF,255,111,255,300,0.564705882,1,Winter
Sienna,#882D17,136,45,23,12,0.830882353,0.533333333,Autumn
Silver,#C0C0C0,192,192,192,0,0,0.752941176,Winter
Silver chalice,#ACACAC,172,172,172,0,0,0.674509804,Summer
Silver Lake blue,#5D89BA,93,137,186,212,0.5,0.729411765,Winter
Silver pink,#C4AEAD,196,174,173,3,0.117346939,0.768627451,Winter
Silver sand,#BFC1C2,191,193,194,200,0.015463918,0.760784314,Winter
Sinopia,#CB410B,203,65,11,17,0.945812808,0.796078431,Autumn
Sizzling Red,#FF3855,255,56,85,351,0.780392157,1,Autumn
Sizzling Sunrise,#FFDB00,255,219,0,52,1,1,Autumn
Skobeloff,#007474,0,116,116,180,1,0.454901961,Spring
Sky blue,#87CEEB,135,206,235,197,0.425531915,0.921568627,Winter
Sky magenta,#CF71AF,207,113,175,320,0.45410628,0.811764706,Autumn
Slate blue,#6A5ACD,106,90,205,248,0.56097561,0.803921569,Winter
Slate gray,#708090,112,128,144,210,0.222222222,0.564705882,Summer
Smalt (Dark powder blue),#003399,0,51,153,220,1,0.6,Winter
Slimy Green,#299617,41,150,23,111,0.846666667,0.588235294,Spring
Smashed Pumpkin,#FF6D3A,255,109,58,16,0.77254902,1,Autumn
Smitten,#C84186,200,65,134,329,0.675,0.784313725,Autumn
Smoke,#738276,115,130,118,132,0.115384615,0.509803922,Summer
Smokey Topaz,#832A0D,131,42,34,15,0.740458015,0.51372549,Autumn
Smoky black,#100C08,16,12,8,30,0.5,0.062745098,Autumn
Smoky Topaz,#933D41,147,61,65,357,0.585034014,0.576470588,Autumn
Snow,#FFFAFA,255,250,250,0,0.019607843,1,Winter
Soap,#CEC8EF,206,200,239,249,0.163179916,0.937254902,Winter
Solid pink,#893843,137,56,67,352,0.591240876,0.537254902,Autumn
Sonic silver,#757575,117,117,117,0,0,0.458823529,Summer
Spartan Crimson,#9E1316,158,19,22,359,0.879746835,0.619607843,Autumn
Space cadet,#1D2951,29,41,81,226,0.641975309,0.317647059,Winter
Spanish bistre,#807532,128,117,50,52,0.609375,0.501960784,Autumn
Spanish blue,#0070B8,0,112,184,203,1,0.721568627,Winter
Spanish carmine,#D10047,209,0,71,340,1,0.819607843,Autumn
Spanish crimson,#E51A4C,229,26,76,345,0.886462882,0.898039216,Autumn
Spanish gray,#989898,152,152,152,0,0,0.596078431,Summer
Spanish green,#009150,0,145,80,153,1,0.568627451,Spring
Spanish orange,#E86100,232,97,0,25,1,0.909803922,Autumn
Spanish pink,#F7BFBE,247,191,190,1,0.230769231,0.968627451,Winter
Spanish red,#E60026,230,0,38,350,1,0.901960784,Autumn
Spanish sky blue,#00FFFF,0,255,255,180,1,1,Spring
Spanish violet,#4C2882,76,40,130,264,0.692307692,0.509803922,Winter
Spanish viridian,#007F5C,0,127,92,163,1,0.498039216,Spring
Spicy mix,#8B5f4D,139,95,77,17,0.446043165,0.545098039,Autumn
Spiro Disco Ball,#0FC0FC,15,192,252,195,0.94047619,0.988235294,Winter
Spring bud,#A7FC00,167,252,0,80,1,0.988235294,Spring
Spring Frost,#87FF2A,135,255,42,94,0.835294118,1,Spring
Spring green,#00FF7F,0,255,127,150,1,1,Spring
Star command blue,#007BB8,0,123,184,200,1,0.721568627,Winter
Steel blue,#4682B4,70,130,180,207,0.611111111,0.705882353,Winter
Steel pink,#CC33CC,204,51,204,300,0.75,0.8,Winter
Steel Teal,#5F8A8B,95,138,139,181,0.316546763,0.545098039,Summer
Stil de grain yellow,#FADA5E,250,218,94,48,0.624,0.980392157,Autumn
Stizza,#990000,153,0,0,0,1,0.6,Autumn
Stormcloud,#4F666A,79,102,106,189,0.254716981,0.415686275,Summer
Straw,#E4D96F,228,217,111,54,0.513157895,0.894117647,Autumn
Strawberry,#FC5A8D,252,90,141,341,0.642857143,0.988235294,Autumn
Sugar Plum,#914E75,145,78,117,325,0.462068966,0.568627451,Autumn
Sunburnt Cyclops,#FF404C,255,64,76,356,0.749019608,1,Autumn
Sunglow,#FFCC33,255,204,51,45,0.8,1,Autumn
Sunny,#F2F27A,242,242,122,60,0.495867769,0.949019608,Spring
Sunray,#E3AB57,227,171,87,36,0.616740088,0.890196078,Autumn
Sunset,#FAD6A5,250,214,165,35,0.34,0.980392157,Winter
Sunset orange,#FD5E53,253,94,83,4,0.671936759,0.992156863,Autumn
Super pink,#CF6BA9,207,107,169,323,0.483091787,0.811764706,Autumn
Sweet Brown,#A83731,168,55,49,3,0.708333333,0.658823529,Autumn
Tan,#D2B48C,210,180,140,34,0.333333333,0.823529412,Winter
Tangelo,#F94D00,249,77,0,19,1,0.976470588,Autumn
Tangerine,#F28500,242,133,0,33,1,0.949019608,Autumn
Tangerine yellow,#FFCC00,255,204,0,48,1,1,Autumn
Tango pink,#E4717A,228,113,122,355,0.504385965,0.894117647,Autumn
Tart Orange,#FB4D46,251,77,70,2,0.721115538,0.984313725,Autumn
Taupe,#483C32,72,60,50,27,0.305555556,0.282352941,Summer
Taupe gray,#8B8589,139,133,137,320,0.043165468,0.545098039,Summer
Tea green,#D0F0C0,208,240,192,100,0.2,0.941176471,Winter
Tea rose,#F88379,248,131,121,5,0.512096774,0.97254902,Autumn
Tea rose,#F4C2C2,244,194,194,0,0.204918033,0.956862745,Winter
Teal,#008080,0,128,128,180,1,0.501960784,Spring
Teal blue,#367588,54,117,136,194,0.602941176,0.533333333,Winter
Teal deer,#99E6B3,153,230,179,140,0.334782609,0.901960784,Winter
Teal green,#00827F,0,130,127,179,1,0.509803922,Spring
Telemagenta,#CF3476,207,52,118,334,0.748792271,0.811764706,Autumn
Tenné (tawny),#CD5700,205,87,0,25,1,0.803921569,Autumn
Terra cotta,#E2725B,226,114,91,10,0.597345133,0.88627451,Autumn
Thistle,#D8BFD8,216,191,216,300,0.115740741,0.847058824,Winter
Thulian pink,#DE6FA1,222,111,161,333,0.5,0.870588235,Autumn
Tickle Me Pink,#FC89AC,252,137,172,342,0.456349206,0.988235294,Autumn
Tiffany Blue,#0ABAB5,10,186,181,178,0.946236559,0.729411765,Spring
Tiger's eye,#E08D3C,224,141,60,30,0.732142857,0.878431373,Autumn
Timberwolf,#DBD7D2,219,215,210,33,0.04109589,0.858823529,Winter
Titanium yellow,#EEE600,238,230,0,58,1,0.933333333,Autumn
Tomato,#FF6347,255,99,71,9,0.721568627,1,Autumn
Toolbox,#746CC0,116,108,192,246,0.4375,0.752941176,Winter
Topaz,#FFC87C,255,200,124,35,0.51372549,1,Autumn
Tractor red,#FD0E35,253,14,53,350,0.944664032,0.992156863,Autumn
Trolley Grey,#808080,128,128,128,0,0,0.501960784,Summer
Tropical rain forest,#00755E,0,117,94,168,1,0.458823529,Spring
Tropical violet,#CDA4DE,205,164,222,282,0.261261261,0.870588235,Winter
True Blue,#0073CF,0,115,207,207,1,0.811764706,Winter
Tufts Blue,#3E8EDE,62,142,222,210,0.720720721,0.870588235,Winter
Tulip,#FF878D,255,135,141,357,0.470588235,1,Autumn
Tumbleweed,#DEAA88,222,170,136,24,0.387387387,0.870588235,Winter
Turkish rose,#B57281,181,114,129,347,0.370165746,0.709803922,Winter
Turquoise,#40E0D0,64,224,208,174,0.714285714,0.878431373,Spring
Turquoise blue,#00FFEF,0,255,239,176,1,1,Spring
Turquoise green,#A0D6B4,160,214,180,142,0.252336449,0.839215686,Winter
Turquoise Surf,#00C5CD,0,197,205,182,1,0.803921569,Winter
Turtle green,#8A9A5B,138,154,91,75,0.409090909,0.603921569,Spring
Tuscan,#FAD6A5,250,214,165,35,0.34,0.980392157,Winter
Tuscan brown,#6F4E37,111,78,55,25,0.504504505,0.435294118,Autumn
Tuscan red,#7C4848,124,72,72,0,0.419354839,0.48627451,Autumn
Tuscan tan,#A67B5B,166,123,91,26,0.451807229,0.650980392,Autumn
Tuscany,#C09999,192,153,153,0,0.203125,0.752941176,Winter
Twilight lavender,#8A496B,138,73,107,329,0.471014493,0.541176471,Autumn
Tyrian purple,#66023C,102,2,60,325,0.980392157,0.4,Autumn
UA blue,#0033AA,0,51,170,222,1,0.666666667,Winter
UA red,#D9004C,217,0,76,339,1,0.850980392,Autumn
Ube,#8878C3,136,120,195,253,0.384615385,0.764705882,Winter
UCLA Blue,#536895,83,104,149,221,0.44295302,0.584313725,Winter
UCLA Gold,#FFB300,255,179,0,42,1,1,Autumn
UFO Green,#3CD070,60,208,112,141,0.711538462,0.815686275,Spring
Ultramarine,#3F00FF,18,10,143,244,0.93006993,0.560784314,Winter
Ultramarine blue,#4166F5,65,102,245,228,0.734693878,0.960784314,Winter
Ultra pink,#FF6FFF,255,111,255,300,0.564705882,1,Winter
Ultra red,#FC6C85,252,108,133,350,0.571428571,0.988235294,Autumn
Umber,#635147,99,81,71,21,0.282828283,0.388235294,Summer
Unbleached silk,#FFDDCA,255,221,202,22,0.207843137,1,Winter
United Nations blue,#5B92E5,91,146,229,216,0.602620087,0.898039216,Winter
University of California Gold,#B78727,183,135,39,40,0.786885246,0.717647059,Autumn
Unmellow yellow,#FFFF66,255,255,102,60,0.6,1,Spring
UP Forest green,#014421,1,68,33,149,0.985294118,0.266666667,Spring
UP Maroon,#7B1113,123,17,19,359,0.861788618,0.482352941,Autumn
Upsdell red,#AE2029,174,32,41,356,0.816091954,0.682352941,Autumn
Urobilin,#E1AD21,225,173,33,44,0.853333333,0.882352941,Autumn
USAFA blue,#004F98,0,79,152,209,1,0.596078431,Winter
USC Cardinal,#990000,153,0,0,0,1,0.6,Autumn
USC Gold,#FFCC00,255,204,0,48,1,1,Autumn
University of Tennessee Orange,#F77F00,247,127,0,31,1,0.968627451,Autumn
Utah Crimson,#D3003F,211,0,63,342,1,0.82745098,Autumn
Van Dyke Brown,#664228,102,66,40,25,0.607843137,0.4,Autumn
Vanilla,#F3E5AB,243,229,171,48,0.296296296,0.952941176,Winter
Vanilla ice,#F38FA9,243,143,169,344,0.411522634,0.952941176,Autumn
Vegas gold,#C5B358,197,179,88,50,0.553299492,0.77254902,Autumn
Venetian red,#C80815,200,8,21,356,0.96,0.784313725,Autumn
Verdigris,#43B3AE,67,179,174,177,0.625698324,0.701960784,Spring
Vermilion,#E34234,227,66,52,5,0.77092511,0.890196078,Autumn
Vermilion,#D9381E,217,56,30,8,0.861751152,0.850980392,Autumn
Veronica,#A020F0,160,32,240,277,0.866666667,0.941176471,Winter
Very light azure,#74BBFB,116,187,251,208,0.537848606,0.984313725,Winter
Very light blue,#6666FF,102,102,255,240,0.6,1,Winter
Very light malachite green,#64E986,100,233,134,135,0.570815451,0.91372549,Spring
Very light tangelo,#FFB077,255,176,119,25,0.533333333,1,Autumn
Very pale orange,#FFDFBF,255,223,191,30,0.250980392,1,Winter
Very pale yellow,#FFFFBF,255,255,191,60,0.250980392,1,Winter
Violet,#8F00FF,143,0,255,274,1,1,Winter
Violet (color wheel),#7F00FF,127,0,255,270,1,1,Winter
Violet (RYB),#8601AF,134,1,175,286,0.994285714,0.68627451,Winter
Violet (web),#EE82EE,238,130,238,300,0.453781513,0.933333333,Winter
Violet-blue,#324AB2,50,74,178,229,0.719101124,0.698039216,Winter
Violet-red,#F75394,247,83,148,336,0.663967611,0.968627451,Autumn
Viridian,#40826D,64,130,109,161,0.507692308,0.509803922,Spring
Viridian green,#009698,0,150,152,181,1,0.596078431,Winter
Vista blue,#7C9ED9,124,158,217,218,0.428571429,0.850980392,Winter
Vivid amber,#CC9900,204,153,0,45,1,0.8,Autumn
Vivid auburn,#922724,146,39,36,2,0.753424658,0.57254902,Autumn
Vivid burgundy,#9F1D35,159,29,53,349,0.817610063,0.623529412,Autumn
Vivid cerise,#DA1D81,218,29,129,328,0.866972477,0.854901961,Autumn
Vivid cerulean,#00AAEE,0,170,238,197,1,0.933333333,Winter
Vivid crimson,#CC0033,204,0,51,345,1,0.8,Autumn
Vivid gamboge,#FF9900,255,153,0,36,1,1,Autumn
Vivid lime green,#A6D608,166,214,8,74,0.962616822,0.839215686,Spring
Vivid malachite,#00CC33,0,204,51,135,1,0.8,Spring
Vivid mulberry,#B80CE3,184,12,227,288,0.947136564,0.890196078,Winter
Vivid orange,#FF5F00,255,95,0,22,1,1,Autumn
Vivid orange peel,#FFA000,255,160,0,18,1,1,Autumn
Vivid orchid,#CC00FF,204,0,255,288,1,1,Winter
Vivid raspberry,#FF006C,255,0,108,335,1,1,Autumn
Vivid red,#F70D1A,247,13,26,357,0.947368421,0.968627451,Autumn
Vivid red-tangelo,#DF6124,223,97,36,20,0.838565022,0.874509804,Autumn
Vivid sky blue,#00CCFF,0,204,255,192,1,1,Winter
Vivid tangelo,#F07427,240,116,39,23,0.8375,0.941176471,Autumn
Vivid tangerine,#FFA089,255,160,137,12,0.462745098,1,Autumn
Vivid vermilion,#E56024,229,96,36,19,0.84279476,0.898039216,Autumn
Vivid violet,#9F00FF,159,0,255,277,1,1,Winter
Vivid yellow,#FFE302,255,227,2,53,0.992156863,1,Autumn
Volt,#CEFF00,205,255,0,72,1,1,Spring
Wageningen Green,#34B233,52,178,51,120,0.713483146,0.698039216,Spring
Warm black,#004242,0,66,66,180,1,0.258823529,Spring
Waterspout,#A4F4F9,164,244,249,184,0.341365462,0.976470588,Winter
Weldon Blue,#7C98AB,124,152,171,204,0.274853801,0.670588235,Summer
Wenge,#645452,100,84,82,7,0.18,0.392156863,Summer
Wheat,#F5DEB3,245,222,179,39,0.269387755,0.960784314,Winter
White,#FFFFFF,255,255,255,0,0,1,Winter
White smoke,#F5F5F5,245,245,245,0,0,0.960784314,Winter
Wild blue yonder,#A2ADD0,162,173,208,226,0.221153846,0.815686275,Winter
Wild orchid,#D470A2,212,112,162,330,0.471698113,0.831372549,Autumn
Wild Strawberry,#FF43A4,255,67,164,329,0.737254902,1,Autumn
Wild watermelon,#FC6C85,252,108,133,350,0.571428571,0.988235294,Autumn
Willpower orange,#FD5800,253,88,0,21,1,0.992156863,Autumn
Windsor tan,#A75502,167,85,2,30,0.988023952,0.654901961,Autumn
Wine,#722F37,114,47,55,353,0.587719298,0.447058824,Autumn
Wine dregs,#673147,103,49,71,336,0.524271845,0.403921569,Autumn
Winter Sky,#FF007C,255,0,124,331,1,1,Autumn
Winter Wizard,#A0E6FF,160,230,255,196,0.37254902,1,Winter
Wintergreen Dream,#56887D,86,136,125,167,0.367647059,0.533333333,Summer
Wisteria,#C9A0DC,201,160,220,281,0.272727273,0.862745098,Winter
Wood brown,#C19A6B,193,154,107,33,0.445595855,0.756862745,Autumn
Xanadu,#738678,115,134,120,136,0.141791045,0.525490196,Summer
Yale Blue,#0F4D92,15,77,146,212,0.897260274,0.57254902,Winter
Yankees blue,#1C2841,28,40,65,221,0.569230769,0.254901961,Winter
Yellow,#FFFF00,255,255,0,60,1,1,Spring
Yellow (Crayola),#FCE883,252,232,131,50,0.48015873,0.988235294,Autumn
Yellow (Munsell),#EFCC00,239,204,0,51,1,0.937254902,Autumn
Yellow (NCS),#FFD300,255,211,0,50,1,1,Autumn
Yellow (Pantone),#FEDF00,254,223,0,53,1,0.996078431,Autumn
Yellow (process),#FFEF00,255,239,0,56,1,1,Autumn
Yellow (RYB),#FEFE33,254,254,51,60,0.799212598,0.996078431,Spring
Yellow-green,#9ACD32,154,205,50,80,0.756097561,0.803921569,Spring
Yellow Orange,#FFAE42,255,174,66,34,0.741176471,1,Autumn
Yellow rose,#FFF000,255,240,0,56,1,1,Autumn
Yellow Sunshine,#FFF700,255,247,0,58,1,1,Autumn
Zaffre,#0014A8,0,20,168,233,1,0.658823529,Winter
Zinnwaldite brown,#2C1608,44,22,8,23,0.818181818,0.17254902,Autumn
Zomp,#39A78E,57,167,142,166,0.658682635,0.654901961,Spring
